topic_id;exam;official_area;topic_ru;facts_to_cover_ru;key_terms_es;recommended_cefr_level;target_text_count;generated_text_count;priority;source_ref
META-001;CCSE;Formato del examen;Формат экзамена CCSE;Экзамен проверяет конституционные и социокультурные знания об Испании, состоит из 25 вопросов, длится 45 минут, проходной результат обычно 15 правильных ответов из 25;prueba CCSE|conocimientos constitucionales|socioculturales|25 preguntas|45 minutos|apto;A1;2;2;high;Instituto Cervantes CCSE 2026
META-002;CCSE;Formato del examen;Структура тем CCSE;Вопросы сгруппированы в 5 задач, государство и участие, права и обязанности, территория и география, культура и история, общество, первые три блока дают около 60 процентов экзамена, последние два около 40 процентов;Tarea 1|Tarea 2|Tarea 3|Tarea 4|Tarea 5|60 por ciento|40 por ciento;A2;2;0;high;Instituto Cervantes CCSE 2026
META-003;DELE A2;Formato del examen;Зачем нужен DELE A2 при гражданстве;Для гражданства Испании заявителям из неиспано-язычных стран обычно нужно подтвердить минимум A2 по испанскому, DELE A2 проверяет чтение, аудирование, письмо и устную речь;DELE A2|nacionalidad española|comprensión de lectura|comprensión auditiva|expresión escrita|expresión oral;A2;2;0;high;Instituto Cervantes DELE A2 guide
META-004;DELE A2;Formato del examen;Структура DELE A2;Чтение 60 минут и 25 вопросов, аудирование 40 минут и 25 вопросов, письмо 45 минут и 2 задания, устная часть 12 минут плюс подготовка 12 минут и 3 задания;lectura|auditiva|escrita|oral|tareas|ítems|preparación;A1;2;2;high;Instituto Cervantes DELE A2 guide
T1-001;CCSE;Tarea 1 Gobierno legislación y participación ciudadana;Конституция 1978 года;Конституция одобрена на референдуме 6 декабря 1978 года, является основным законом, задаёт правовую систему, День Конституции отмечается 6 декабря;Constitución española|referéndum|6 de diciembre de 1978|ley fundamental|Día de la Constitución;A2;3;0;high;CCSE Manual 2026 Tarea 1
T1-002;CCSE;Tarea 1 Gobierno legislación y participación ciudadana;Принципы Конституции;Уважение прав человека и законов, защита разнообразия народов Испании, социально-экономическое развитие для достойной жизни, сотрудничество с народами мира;derechos humanos|leyes|pueblos de España|vida digna|cooperación;A2;2;0;high;CCSE Manual 2026 Tarea 1
T1-003;CCSE;Tarea 1 Gobierno legislación y participación ciudadana;Форма государства;Испания это социальное и демократическое правовое государство, политическая форма монархия парламентская, высшие ценности свобода, справедливость, равенство и политический плюрализм;Estado social y democrático de Derecho|monarquía parlamentaria|libertad|justicia|igualdad|pluralismo político;B1;3;0;high;CCSE Manual 2026 Tarea 1
T1-004;CCSE;Tarea 1 Gobierno legislación y participación ciudadana;Народный суверенитет;Национальный суверенитет принадлежит испанскому народу, от народа исходят полномочия государства, граждане участвуют через выборы и представителей;soberanía nacional|pueblo español|poderes del Estado|elecciones|representantes;A2;2;0;high;CCSE Manual 2026 Tarea 1
T1-005;CCSE;Tarea 1 Gobierno legislación y participación ciudadana;Единство Испании и автономии;Испания признаётся общей и неделимой родиной, Конституция гарантирует автономию национальностей и регионов и солидарность между ними;patria común e indivisible|autonomía|nacionalidades|regiones|solidaridad;A2;2;0;high;CCSE Manual 2026 Tarea 1
T1-006;CCSE;Tarea 1 Gobierno legislación y participación ciudadana;Флаг Испании;Флаг состоит из трёх горизонтальных полос красная жёлтая красная, флаги автономных сообществ используются вместе с государственным в публичных зданиях и официальных актах;bandera de España|roja|amarilla|comunidades autónomas|actos oficiales;A0;2;2;medium;CCSE Manual 2026 Tarea 1
T1-007;CCSE;Tarea 1 Gobierno legislación y participación ciudadana;Официальные языки Испании;Кастильский или испанский является официальным языком всей Испании, граждане имеют право использовать его и обязанность знать, другие испанские языки официальны в своих автономиях;castellano|español|lengua oficial|derecho de usar|deber de conocer;A1;3;3;high;CCSE Manual 2026 Tarea 1
T1-008;CCSE;Tarea 1 Gobierno legislación y participación ciudadana;Соофициальные языки и регионы;Галисийский в Галисии, баскский в Наварре и Стране Басков, каталанский и аранский в Каталонии, каталанский на Балеарах, валенсийский или каталанский в Валенсийском сообществе;gallego|vasco|euskera|catalán|aranés|valenciano;A1;4;4;high;CCSE Manual 2026 Tarea 1
T1-009;CCSE;Tarea 1 Gobierno legislación y participación ciudadana;Языковые институты;RAE регулирует испанский, Instituto Cervantes распространяет испанский язык и культуру, для каталанского, валенсийского, галисийского и баскского есть свои академии и институты;Real Academia Española|Instituto Cervantes|Euskaltzaindia|Real Academia Galega|Institut d'Estudis Catalans;A1;3;3;medium;CCSE Manual 2026 Tarea 1
T1-010;CCSE;Tarea 1 Gobierno legislación y participación ciudadana;Столица Испании;Столица Испании Мадрид с середины XVI века, ранее столицами были Вальядолид и Толедо;capital de España|Madrid|Valladolid|Toledo|siglo XVI;A0;1;1;medium;CCSE Manual 2026 Tarea 1
T1-011;CCSE;Tarea 1 Gobierno legislación y participación ciudadana;Король как глава государства;Король является главой государства и высшим представителем Испании, символизирует единство, выступает арбитром и гарантом нормальной работы институтов;jefe del Estado|rey|Corona|unidad de España|instituciones;A2;3;0;high;CCSE Manual 2026 Tarea 1
T1-012;CCSE;Tarea 1 Gobierno legislación y participación ciudadana;Функции короля;Король санкционирует и распоряжается публикацией законов, назначает членов правительства по предложению председателя, является верховным главнокомандующим Вооружённых сил;sancionar leyes|publicación oficial|nombrar miembros del Gobierno|Fuerzas Armadas|mando supremo;A2;3;0;high;CCSE Manual 2026 Tarea 1
T1-013;CCSE;Tarea 1 Gobierno legislación y participación ciudadana;Наследование Короны;Корона наследственная, наследник или наследница получает титул Принц или Принцесса Астурийская, править могут мужчины и женщины;Corona hereditaria|Príncipe de Asturias|Princesa de Asturias|heredero|heredera;A1;2;2;medium;CCSE Manual 2026 Tarea 1
T1-014;CCSE;Tarea 1 Gobierno legislación y participación ciudadana;Современная монархия;Хуан Карлос I был королём с 22 ноября 1975 до 18 июня 2014, Фелипе VI провозглашён королём 19 июня 2014;Juan Carlos I|Felipe VI|22 de noviembre de 1975|18 de junio de 2014|19 de junio de 2014;A2;2;0;high;CCSE Manual 2026 Tarea 1
T1-015;CCSE;Tarea 1 Gobierno legislación y participación ciudadana;Международные организации;Испания входит в ЕС с 1 января 1986, также состоит в ООН, Совете Европы, НАТО, МВФ и Всемирном банке, особое значение имеет Ибероамериканское сообщество;Unión Europea|ONU|Consejo de Europa|OTAN|FMI|Banco Mundial|Comunidad Iberoamericana;A2;4;0;high;CCSE Manual 2026 Tarea 1
T1-016;CCSE;Tarea 1 Gobierno legislación y participación ciudadana;Флаг и председательство ЕС;Флаг ЕС синий с 12 жёлтыми звёздами, Испания несколько раз председательствовала в Совете ЕС, включая 1989, 1995, 2002, 2010 и 2023;bandera de la Unión Europea|12 estrellas|Consejo de la Unión Europea|presidencia semestral;A1;2;2;medium;CCSE Manual 2026 Tarea 1
T1-017;CCSE;Tarea 1 Gobierno legislación y participación ciudadana;Разделение властей;Конституция устанавливает разделение исполнительной, законодательной и судебной власти, что гарантирует работу институтов;poder ejecutivo|poder legislativo|poder judicial|separación de poderes|instituciones;B1;2;0;high;CCSE Manual 2026 Tarea 1
T1-018;CCSE;Tarea 1 Gobierno legislación y participación ciudadana;Правительство Испании;Правительство руководит внутренней и внешней политикой, гражданской и военной администрацией и обороной государства, состоит из председателя, заместителей и министров;Gobierno|política interior|política exterior|presidente del Gobierno|ministros|vicepresidentes;A2;3;0;high;CCSE Manual 2026 Tarea 1
T1-019;CCSE;Tarea 1 Gobierno legislación y participación ciudadana;Монклоа и sede del Gobierno;Правительство имеет sede в Мадриде, официальная резиденция председателя правительства Palacio de la Moncloa, министры обещают или присягают перед Конституцией в присутствии короля;Madrid|Palacio de la Moncloa|jurar el cargo|prometer el cargo|Constitución;A2;2;0;medium;CCSE Manual 2026 Tarea 1
T1-020;CCSE;Tarea 1 Gobierno legislación y participación ciudadana;Cortes Generales;Парламент Испании называется Cortes Generales, состоит из Конгресса депутатов и Сената, представляет испанский народ;Cortes Generales|Parlamento|Congreso de los Diputados|Senado|pueblo español;A2;3;0;high;CCSE Manual 2026 Tarea 1
T1-021;CCSE;Tarea 1 Gobierno legislación y participación ciudadana;Функции парламента;Cortes Generales разрабатывают, обсуждают и утверждают законы и госбюджет, контролируют работу правительства;elaborar leyes|debatir leyes|aprobar leyes|Presupuestos Generales del Estado|controlar al Gobierno;A2;3;0;high;CCSE Manual 2026 Tarea 1
T1-022;CCSE;Tarea 1 Gobierno legislación y participación ciudadana;Конгресс и Сенат;Конгресс имеет 350 депутатов и участвует в инвеституре председателя правительства, Сенат является палатой территориального представительства, часть сенаторов выбирают автономии;350 diputados|investidura|moción de censura|Senado|representación territorial;B1;4;0;high;CCSE Manual 2026 Tarea 1
T1-023;CCSE;Tarea 1 Gobierno legislación y participación ciudadana;Типы законов;Органический закон регулирует усиленные темы вроде основных прав и статутов автономий, обычный закон принимается простым большинством, декрет-закон используется правительством в срочной необходимости;ley orgánica|ley ordinaria|decreto ley|mayoría simple|urgente necesidad;B1;3;0;high;CCSE Manual 2026 Tarea 1
T1-024;CCSE;Tarea 1 Gobierno legislación y participación ciudadana;Законодательная инициатива;Проект закона предлагает правительство, proposición de ley может предложить Конгресс, Сенат, автономия или минимум 500000 граждан;proyecto de ley|proposición de ley|Congreso|Senado|comunidad autónoma|500000 ciudadanos;B1;2;0;medium;CCSE Manual 2026 Tarea 1
T1-025;CCSE;Tarea 1 Gobierno legislación y participación ciudadana;Судебная власть;Судебная власть состоит из судей и магистратов, отправляет правосудие, действует принцип единства юрисдикции;jueces|magistrados|administrar justicia|unidad jurisdiccional|tribunales;B1;2;0;high;CCSE Manual 2026 Tarea 1
T1-026;CCSE;Tarea 1 Gobierno legislación y participación ciudadana;CGPJ и Tribunal Constitucional;Consejo General del Poder Judicial управляет судьями и защищает независимость судов, Tribunal Constitucional толкует Конституцию и независим от ветвей власти;Consejo General del Poder Judicial|CGPJ|Tribunal Constitucional|independencia judicial|interpretar la Constitución;B1;3;0;high;CCSE Manual 2026 Tarea 1
T1-027;CCSE;Tarea 1 Gobierno legislación y participación ciudadana;Религия и государство;Конституция гарантирует религиозную свободу, Испания является аconfesional, официальной религии нет, хотя есть сильная католическая традиция;libertad religiosa|Estado aconfesional|religión oficial|tradición católica;B1;2;0;high;CCSE Manual 2026 Tarea 1
T1-028;CCSE;Tarea 1 Gobierno legislación y participación ciudadana;Вооружённые силы;Fuerzas Armadas защищают независимость, территориальную целостность и конституционный порядок, состоят из сухопутных войск, ВВС и флота, участвуют в миссиях ООН;Fuerzas Armadas|Ejército de Tierra|Ejército del Aire|Armada|misiones de paz;A2;3;0;medium;CCSE Manual 2026 Tarea 1
T1-029;CCSE;Tarea 1 Gobierno legislación y participación ciudadana;Полиция и Guardia Civil;Полиция национального уровня оформляет DNI и паспорт, занимается иностранцами и границей, Guardia Civil следит за междугородним дорожным движением, портами, аэропортами, границами и побережьем;Policía Nacional|Guardia Civil|DNI|pasaporte|extranjería|tráfico;A1;4;4;high;CCSE Manual 2026 Tarea 1
T1-030;CCSE;Tarea 1 Gobierno legislación y participación ciudadana;Автономная и местная полиция;Ertzaintza в Стране Басков, Mossos d'Esquadra в Каталонии, Policía Foral в Наварре, полиция Канарских островов, Policía local регулирует порядок и движение в муниципалитете;Ertzaintza|Mossos d'Esquadra|Policía Foral|Policía local|Canarias;A1;3;3;medium;CCSE Manual 2026 Tarea 1
T1-031;CCSE;Tarea 1 Gobierno legislación y participación ciudadana;Консультативные и государственные органы;Consejo de Estado и Consejo Económico y Social консультируют правительство, среди государственных органов AEMET, AEAT, DGT, ICEX, Banco de España, INE, Instituto Cervantes;Consejo de Estado|Consejo Económico y Social|AEMET|AEAT|DGT|ICEX|INE;B1;4;0;medium;CCSE Manual 2026 Tarea 1
T1-032;CCSE;Tarea 1 Gobierno legislación y participación ciudadana;Defensor del Pueblo;Defensor del Pueblo защищает основные права, принимает жалобы на администрацию, избирается Конгрессом и Сенатом на 5 лет, независим от инструкций властей;Defensor del Pueblo|derechos fundamentales|queja|Cortes Generales|cinco años;B1;3;0;high;CCSE Manual 2026 Tarea 1
T1-033;CCSE;Tarea 1 Gobierno legislación y participación ciudadana;Tribunal de Cuentas и Agencia Tributaria;Tribunal de Cuentas контролирует финансы администраций и партий, Agencia Tributaria собирает налоги и применяет налоговую систему;Tribunal de Cuentas|finanzas públicas|partidos políticos|Agencia Tributaria|impuestos;B1;2;0;high;CCSE Manual 2026 Tarea 1
T1-034;CCSE;Tarea 1 Gobierno legislación y participación ciudadana;Уровни администрации;Испания организована в центральную, автономную и местную администрацию, уровни связаны с государством, автономиями, провинциями и муниципалитетами;Administración central|Administración autonómica|Administración local|provincias|municipios;B1;3;0;high;CCSE Manual 2026 Tarea 1
T1-035;CCSE;Tarea 1 Gobierno legislación y participación ciudadana;Компетенции государства и автономий;Государство имеет исключительные компетенции по гражданству, иностранцам, иммиграции, международным отношениям и правосудию, автономии обычно управляют здравоохранением и образованием;competencias exclusivas|nacionalidad|extranjería|inmigración|relaciones internacionales|sanidad|educación;B1;3;0;high;CCSE Manual 2026 Tarea 1
T1-036;CCSE;Tarea 1 Gobierno legislación y participación ciudadana;Автономии и статуты;В Испании 17 автономных сообществ и 2 автономных города, основной закон автономии это Estatuto de Autonomía, он задаёт название, территорию, институты и компетенции;17 comunidades autónomas|2 ciudades autónomas|Estatuto de Autonomía|territorio|competencias;A2;3;0;high;CCSE Manual 2026 Tarea 1
T1-037;CCSE;Tarea 1 Gobierno legislación y participación ciudadana;Институты автономий;В автономиях есть парламент или ассамблея, consejo de gobierno и председатель, представитель государства в автономии называется delegado del Gobierno;asamblea legislativa|parlamento autonómico|consejo de gobierno|presidente autonómico|delegado del Gobierno;A2;3;0;high;CCSE Manual 2026 Tarea 1
T1-038;CCSE;Tarea 1 Gobierno legislación y participación ciudadana;Провинции и муниципалитеты;В Испании 50 провинций плюс Ceuta и Melilla, провинциями управляют Diputaciones, на Канарах cabildos, на Балеарах consejos insulares, муниципалитетом управляет ayuntamiento;50 provincias|Diputación|cabildo|consejo insular|ayuntamiento|alcalde|concejales;A2;4;0;high;CCSE Manual 2026 Tarea 1
T1-039;CCSE;Tarea 1 Gobierno legislación y participación ciudadana;Муниципальные компетенции;Ayuntamiento управляет местными услугами, историческим наследием, городской средой, водой, освещением, культурными и спортивными объектами;servicios públicos|patrimonio histórico|medio ambiente|urbanismo|agua|iluminación;A2;2;0;medium;CCSE Manual 2026 Tarea 1
T1-040;CCSE;Tarea 1 Gobierno legislación y participación ciudadana;BOE и электронная администрация;BOE и региональные бюллетени публикуют законы и назначения, телефон 060 даёт информацию об администрации, PAe объединяет электронные услуги;Boletín Oficial del Estado|BOE|060|Portal de la Administración Electrónica|PAe;A1;3;3;medium;CCSE Manual 2026 Tarea 1
T1-041;CCSE;Tarea 1 Gobierno legislación y participación ciudadana;Электронная идентификация;Для онлайн-процедур используются DNI electrónico, certificado digital и Cl@ve, электронная подпись имеет юридическую силу как бумажная подпись;DNI electrónico|certificado digital|Cl@ve|firma electrónica|sede electrónica;A1;2;2;medium;CCSE Manual 2026 Tarea 1
T1-042;CCSE;Tarea 1 Gobierno legislación y participación ciudadana;Население Испании;Испания в 2025 имеет более 49 миллионов жителей, четвёртая по населению страна ЕС, вторая по площади в ЕС, площадь 505944 км2;49 millones|Unión Europea|505944 km2|densidad de población|habitantes;A1;2;2;medium;CCSE Manual 2026 Tarea 1
T1-043;CCSE;Tarea 1 Gobierno legislación y participación ciudadana;Крупнейшие города;Крупнейшие города по населению включают Madrid, Barcelona, Valencia, Sevilla, Zaragoza, Málaga, Murcia, Palma de Mallorca, Las Palmas de Gran Canaria, Alicante;Madrid|Barcelona|Valencia|Sevilla|Zaragoza|Málaga|Murcia|Palma|Alicante;A1;3;3;medium;CCSE Manual 2026 Tarea 1
T1-044;CCSE;Tarea 1 Gobierno legislación y participación ciudadana;Право голоса;Право голоса имеют испанцы старше 18 лет через всеобщее, свободное, равное, прямое и тайное голосование, на муниципальных выборах могут голосовать резиденты ЕС и некоторых стран с соглашениями;sufragio universal|libre|igual|directo|secreto|mayores de 18 años;A2;3;0;high;CCSE Manual 2026 Tarea 1
T1-045;CCSE;Tarea 1 Gobierno legislación y participación ciudadana;Виды выборов;Каждые 4 года проходят общие, автономные и муниципальные выборы, европейские выборы проходят каждые 5 лет, выборы формально созывает король;elecciones generales|autonómicas|municipales|europeas|cada cuatro años|cada cinco años;A2;3;0;high;CCSE Manual 2026 Tarea 1
T1-046;CCSE;Tarea 1 Gobierno legislación y participación ciudadana;Многопартийность и президенты правительства;Испания имеет многопартийную систему, с 1978 по 2024 были президенты Suárez, Calvo-Sotelo, González, Aznar, Zapatero, Rajoy, Sánchez;pluripartidismo|presidente del Gobierno|Adolfo Suárez|Felipe González|José María Aznar|Pedro Sánchez;A2;4;0;medium;CCSE Manual 2026 Tarea 1
T1-047;CCSE;Tarea 1 Gobierno legislación y participación ciudadana;Ассоциации и профсоюзы;Конституция признаёт право ассоциаций, партии выражают политический плюрализм, sindicatos защищают интересы работников и участвуют в переговорах с работодателями и правительством;derecho de asociación|partidos políticos|sindicatos|trabajadores|negociación;A2;3;0;high;CCSE Manual 2026 Tarea 1
T2-001;CCSE;Tarea 2 Derechos y deberes fundamentales;Права и свободы в Конституции;Конституция 1978 закрепляет основные права, обязанности и свободы испанцев внутри и вне Испании, а также иностранных резидентов;derechos fundamentales|deberes|libertades|españoles|residentes extranjeros;A2;2;0;high;CCSE Manual 2026 Tarea 2
T2-002;CCSE;Tarea 2 Derechos y deberes fundamentales;Партии и демократия;Политические партии выражают плюрализм, являются инструментом участия, создаются свободно в рамках Конституции и закона, их структура и работа должны быть демократическими;partidos políticos|pluralismo político|participación política|estructura democrática;B1;2;0;high;CCSE Manual 2026 Tarea 2
T2-003;CCSE;Tarea 2 Derechos y deberes fundamentales;Совершеннолетие и равенство;Испанцы становятся совершеннолетними в 18 лет, все равны перед законом, запрещена дискриминация по рождению, расе, полу, религии или личным и социальным обстоятельствам;mayoría de edad|18 años|igualdad ante la ley|discriminación|sexo|religión;A2;3;0;high;CCSE Manual 2026 Tarea 2
T2-004;CCSE;Tarea 2 Derechos y deberes fundamentales;Право на жизнь и запрет пыток;Все имеют право на жизнь и физическую и моральную неприкосновенность, пытки запрещены, смертная казнь отменена;derecho a la vida|integridad física|integridad moral|tortura|pena de muerte;A2;2;0;high;CCSE Manual 2026 Tarea 2
T2-005;CCSE;Tarea 2 Derechos y deberes fundamentales;Идеологическая и религиозная свобода;Гарантируется свобода идеологии и религии, никто не обязан раскрывать свои взгляды, официальной религии нет;libertad ideológica|libertad religiosa|ideas políticas|ideas religiosas|Estado aconfesional;A2;2;0;high;CCSE Manual 2026 Tarea 2
T2-006;CCSE;Tarea 2 Derechos y deberes fundamentales;Честь, частная жизнь и дом;Гарантируются честь и частная семейная жизнь, дом неприкосновенен, вход без согласия возможен по судебному разрешению или при совершении преступления;derecho al honor|intimidad|domicilio inviolable|resolución judicial|delito;B1;3;0;high;CCSE Manual 2026 Tarea 2
T2-007;CCSE;Tarea 2 Derechos y deberes fundamentales;Тайна коммуникаций и данные;Гарантируется тайна почтовых, телеграфных и телефонных сообщений кроме случая судебного решения, закон ограничивает использование персональных данных;secreto de las comunicaciones|correo|teléfono|resolución judicial|datos personales;B1;2;0;medium;CCSE Manual 2026 Tarea 2
T2-008;CCSE;Tarea 2 Derechos y deberes fundamentales;Свобода передвижения;Испанцы могут свободно выбирать место жительства, перемещаться по территории страны, въезжать и выезжать, это нельзя ограничить по политическим или идеологическим причинам;libertad de residencia|desplazarse libremente|entrar|salir|motivos ideológicos;A2;2;0;high;CCSE Manual 2026 Tarea 2
T2-009;CCSE;Tarea 2 Derechos y deberes fundamentales;Свобода выражения и прессы;Защищены выражение идей, художественное и научное творчество, академическая свобода и получение правдивой информации, цензуры нет, лимит это права других, честь, интимность, образ и защита молодёжи;libertad de expresión|libertad de prensa|sin censura|derecho al honor|protección de la juventud;B1;3;0;high;CCSE Manual 2026 Tarea 2
T2-010;CCSE;Tarea 2 Derechos y deberes fundamentales;Ассоциации, участие и голосование;Признаётся право ассоциаций, запрещены незаконные объединения, граждане имеют право участвовать в политике лично или через представителей и голосовать с 18 лет;derecho de asociación|asociaciones ilegales|participación política|derecho al voto|18 años;A2;3;0;high;CCSE Manual 2026 Tarea 2
T2-011;CCSE;Tarea 2 Derechos y deberes fundamentales;Уголовная ответственность и наказания;Человек может быть наказан только за действия или бездействие, которые были преступлением в момент совершения, тюрьма ориентирована на перевоспитание и реинтеграцию;delito|omisión|penas de cárcel|reeducación|reinserción social;B1;2;0;medium;CCSE Manual 2026 Tarea 2
T2-012;CCSE;Tarea 2 Derechos y deberes fundamentales;Образование как право;Все имеют право на образование и свободу преподавания, базовое образование обязательно и бесплатно, Primaria 6-12 лет, ESO 12-16 лет;derecho a la educación|libertad de enseñanza|Educación Primaria|ESO|obligatoria|gratuita;A2;3;0;high;CCSE Manual 2026 Tarea 2
T2-013;CCSE;Tarea 2 Derechos y deberes fundamentales;Профсоюзы и забастовка;Граждане имеют право вступать в любой профсоюз, работники имеют право на забастовку для защиты интересов, при забастовке поддерживаются минимальные услуги;sindicatos|derecho a la huelga|trabajadores|servicios mínimos;A2;2;0;high;CCSE Manual 2026 Tarea 2
T2-014;CCSE;Tarea 2 Derechos y deberes fundamentales;Оборона и помощь при катастрофах;Испанцы имеют право и обязанность защищать Испанию, граждане должны помогать при серьёзном риске, катастрофе или общественном бедствии;defender a España|deber|grave riesgo|catástrofe|calamidad pública;A2;2;0;medium;CCSE Manual 2026 Tarea 2
T2-015;CCSE;Tarea 2 Derechos y deberes fundamentales;Налоги и публичные расходы;Граждане должны платить налоги для поддержки публичных расходов по экономической способности, публичные ресурсы распределяются справедливо;impuestos|gastos públicos|capacidad económica|recursos públicos|equitativamente;B1;2;0;high;CCSE Manual 2026 Tarea 2
T2-016;CCSE;Tarea 2 Derechos y deberes fundamentales;Брак, развод и семья;Закон регулирует формы брака, возраст и способность к браку, права супругов, причины разделения и развода, минимальный возраст брака 16 лет;matrimonio|cónyuges|separación|divorcio|16 años;A2;2;0;medium;CCSE Manual 2026 Tarea 2
T2-017;CCSE;Tarea 2 Derechos y deberes fundamentales;Трудовые переговоры;Закон гарантирует право на коллективные переговоры между представителями работников и предпринимателями, а также соблюдение трудовых соглашений;negociación colectiva|representantes de los trabajadores|empresarios|convenios;B1;2;0;medium;CCSE Manual 2026 Tarea 2
T2-018;CCSE;Tarea 2 Derechos y deberes fundamentales;Социальное обеспечение;Граждане имеют доступ к публичной системе Seguridad Social, которая помогает в ситуациях нужды, особенно при отсутствии работы;Seguridad Social|sistema público|situaciones de necesidad|desempleo;A2;2;0;high;CCSE Manual 2026 Tarea 2
T2-019;CCSE;Tarea 2 Derechos y deberes fundamentales;Здоровье и спорт;Публичные власти должны защищать здоровье, продвигать санитарное образование, физическое воспитание и спорт;proteger la salud|educación sanitaria|educación física|deporte|poderes públicos;A2;2;0;medium;CCSE Manual 2026 Tarea 2
T2-020;CCSE;Tarea 2 Derechos y deberes fundamentales;Окружающая среда и жильё;Все имеют право на подходящую окружающую среду и обязанность сохранять её, испанцы имеют право на достойное и адекватное жильё;medio ambiente|deber de conservarlo|vivienda digna|vivienda adecuada;A2;2;0;high;CCSE Manual 2026 Tarea 2
T2-021;CCSE;Tarea 2 Derechos y deberes fundamentales;Молодёжь и потребители;Молодые люди имеют право свободно участвовать в развитии страны, публичные власти защищают потребителей и пользователей, их безопасность, здоровье и экономические интересы;jóvenes|participación|consumidores|usuarios|seguridad|salud;A2;2;0;medium;CCSE Manual 2026 Tarea 2
T2-022;CCSE;Tarea 2 Derechos y deberes fundamentales;Defensor del Pueblo по Конституции;Defensor del Pueblo назначается Cortes Generales для защиты публичных прав и свобод, может контролировать деятельность администрации;Defensor del Pueblo|Cortes Generales|derechos públicos|libertades públicas|Administración;B1;2;0;high;CCSE Manual 2026 Tarea 2
T2-023;CCSE;Tarea 2 Derechos y deberes fundamentales;Независимое правосудие;Правосудие исходит от народа и отправляется независимыми судьями и магистратами, граждане обязаны выполнять решения судов и сотрудничать с ними;jueces|magistrados|independientes|sentencias|colaborar con la justicia;B1;3;0;high;CCSE Manual 2026 Tarea 2
T2-024;CCSE;Tarea 2 Derechos y deberes fundamentales;Бесплатная юридическая помощь;Правосудие бесплатно в случаях, установленных законом, и для людей без достаточных экономических ресурсов;justicia gratuita|ley|recursos económicos|asistencia jurídica;B1;1;0;medium;CCSE Manual 2026 Tarea 2
T3-001;CCSE;Tarea 3 Organización territorial geografía física y política;Положение Испании;Испания расположена на юге Европы, граничит с Андоррой, Францией, Португалией и Марокко, включает большую часть Пиренейского полуострова, Балеары, Канары, Ceuta и Melilla;sur de Europa|Andorra|Francia|Portugal|Marruecos|península ibérica|Baleares|Canarias;A1;4;4;high;CCSE Manual 2026 Tarea 3
T3-002;CCSE;Tarea 3 Organización territorial geografía física y política;Размер и рельеф;Испания имеет площадь 505944 км2, это одна из самых гористых стран Европы, средняя высота около 650 м над уровнем моря;505944 km2|montañoso|altitud media|650 metros|Europa;A1;2;2;medium;CCSE Manual 2026 Tarea 3
T3-003;CCSE;Tarea 3 Organización territorial geografía física y política;Реки Атлантики;К Атлантическому океану текут Miño, Duero, Tajo, Guadiana и Guadalquivir, важно отличать их от средиземноморских рек;Miño|Duero|Tajo|Guadiana|Guadalquivir|océano Atlántico;A1;3;3;high;CCSE Manual 2026 Tarea 3
T3-004;CCSE;Tarea 3 Organización territorial geografía física y política;Реки Средиземного моря;В Средиземное море впадают Ebro, Júcar, Segura и Turia, Ebro часто выделяют как главную средиземноморскую реку Испании;Ebro|Júcar|Segura|Turia|mar Mediterráneo;A1;2;2;high;CCSE Manual 2026 Tarea 3
T3-005;CCSE;Tarea 3 Organización territorial geografía física y política;Meseta и Sistema Central;Meseta это большая равнина в центре Пиренейского полуострова высотой более 600 м, её пересекает Sistema Central;Meseta|llanura|centro de la península|Sistema Central|600 metros;A1;2;2;high;CCSE Manual 2026 Tarea 3
T3-006;CCSE;Tarea 3 Organización territorial geografía física y política;Горы и вершины;Pirineos, Sistema Central, Sistemas Bético и Penibético, Aneto в Pirineos третий по высоте, Mulhacén в Sierra Nevada второй, Teide на Tenerife самый высокий;Pirineos|Aneto|Sistema Central|Mulhacén|Sierra Nevada|Teide|Tenerife;A1;4;4;high;CCSE Manual 2026 Tarea 3
T3-007;CCSE;Tarea 3 Organización territorial geografía física y política;Национальные парки;Первая Ley de Parques Nacionales принята в 1916, сейчас в Испании 16 национальных парков, управление идёт через Red de Parques Nacionales;Ley de Parques Nacionales|1916|16 parques nacionales|Red de Parques Nacionales;A1;2;2;medium;CCSE Manual 2026 Tarea 3
T3-008;CCSE;Tarea 3 Organización territorial geografía física y política;Парки по регионам;Ordesa в Aragón, Aigüestortes в Cataluña, Monfragüe в Extremadura, Cabañeros и Tablas de Daimiel в Castilla-La Mancha, Doñana и Sierra Nevada в Andalucía, Teide и Timanfaya на Канарах;Ordesa|Aigüestortes|Monfragüe|Cabañeros|Doñana|Sierra Nevada|Teide|Timanfaya;A1;5;5;high;CCSE Manual 2026 Tarea 3
T3-009;CCSE;Tarea 3 Organización territorial geografía física y política;Климаты Испании;Океанический климат на севере влажный и мягкий, средиземноморский у Средиземного моря сухой и тёплый, континентальный в центре с холодной зимой и жарким летом, субтропический на Канарах;clima oceánico|clima mediterráneo|clima continental|clima subtropical|Canarias;A1;4;4;high;CCSE Manual 2026 Tarea 3
T3-010;CCSE;Tarea 3 Organización territorial geografía física y política;Политическое деление;Испания делится на автономные сообщества, провинции и автономные города, нужно знать столицы автономий и провинции в основных регионах;comunidades autónomas|provincias|ciudades autónomas|capitales|mapa político;A1;4;4;high;CCSE Manual 2026 Tarea 3
T3-011;CCSE;Tarea 3 Organización territorial geografía física y política;Andalucía;Провинции Almería, Cádiz, Córdoba, Granada, Huelva, Jaén, Málaga, Sevilla, столица автономии Sevilla;Andalucía|Almería|Cádiz|Córdoba|Granada|Huelva|Jaén|Málaga|Sevilla;A1;3;3;high;CCSE Manual 2026 Tarea 3
T3-012;CCSE;Tarea 3 Organización territorial geografía física y política;Aragón;Провинции Huesca, Teruel, Zaragoza, столица автономии Zaragoza, парк Ordesa и Monte Perdido находится в Aragón;Aragón|Huesca|Teruel|Zaragoza|Ordesa y Monte Perdido;A1;2;2;high;CCSE Manual 2026 Tarea 3
T3-013;CCSE;Tarea 3 Organización territorial geografía física y política;Asturias, Cantabria, La Rioja, Madrid, Murcia, Navarra;Это однопровинциальные автономии, столицы Oviedo, Santander, Logroño, Madrid, Murcia, Pamplona, у Navarra статус Comunidad Foral;Asturias|Oviedo|Cantabria|Santander|La Rioja|Logroño|Madrid|Murcia|Navarra|Pamplona;A1;4;4;high;CCSE Manual 2026 Tarea 3
T3-014;CCSE;Tarea 3 Organización territorial geografía física y política;Baleares и Canarias;Baleares находятся в Средиземном море со столицей Palma de Mallorca, Canarias в Атлантике с двумя столицами Las Palmas de Gran Canaria и Santa Cruz de Tenerife;Islas Baleares|mar Mediterráneo|Palma de Mallorca|Canarias|océano Atlántico|Las Palmas|Santa Cruz de Tenerife;A1;3;3;high;CCSE Manual 2026 Tarea 3
T3-015;CCSE;Tarea 3 Organización territorial geografía física y política;Castilla-La Mancha;Провинции Albacete, Ciudad Real, Cuenca, Guadalajara, Toledo, столица автономии Toledo, континентальный климат связан с центром Испании;Castilla-La Mancha|Albacete|Ciudad Real|Cuenca|Guadalajara|Toledo;A1;3;3;high;CCSE Manual 2026 Tarea 3
T3-016;CCSE;Tarea 3 Organización territorial geografía física y política;Castilla y León;Провинции Ávila, Burgos, León, Palencia, Salamanca, Segovia, Soria, Valladolid, Zamora, официальной столицы нет, административная sede в Valladolid;Castilla y León|Ávila|Burgos|León|Salamanca|Segovia|Valladolid|Zamora;A1;4;4;medium;CCSE Manual 2026 Tarea 3
T3-017;CCSE;Tarea 3 Organización territorial geografía física y política;Cataluña и Comunidad Valenciana;Cataluña включает Barcelona, Girona, Lleida, Tarragona и столицу Barcelona, Comunidad Valenciana включает Alicante, Castellón, Valencia и столицу Valencia;Cataluña|Barcelona|Girona|Lleida|Tarragona|Comunidad Valenciana|Alicante|Castellón|Valencia;A1;4;4;high;CCSE Manual 2026 Tarea 3
T3-018;CCSE;Tarea 3 Organización territorial geografía física y política;Extremadura;Провинции Cáceres и Badajoz, столица Mérida, Monfragüe находится в Cáceres, регион часто встречается в вопросах о провинциях и столицах;Extremadura|Cáceres|Badajoz|Mérida|Monfragüe;A1;2;2;high;CCSE Manual 2026 Tarea 3
T3-019;CCSE;Tarea 3 Organización territorial geografía física y política;Galicia;Провинции A Coruña, Lugo, Ourense, Pontevedra, столица Santiago de Compostela, регион связан с галисийским языком и Camino de Santiago;Galicia|A Coruña|Lugo|Ourense|Pontevedra|Santiago de Compostela|gallego;A1;3;3;high;CCSE Manual 2026 Tarea 3
T3-020;CCSE;Tarea 3 Organización territorial geografía física y política;País Vasco;Провинции Álava, Guipúzcoa, Vizcaya, административная sede Vitoria, города San Sebastián и Bilbao важны как столицы провинций;País Vasco|Álava|Vitoria|Guipúzcoa|San Sebastián|Vizcaya|Bilbao|euskera;A1;3;3;high;CCSE Manual 2026 Tarea 3
T3-021;CCSE;Tarea 3 Organización territorial geografía física y política;Ceuta и Melilla;Ceuta и Melilla это автономные города на северном побережье Африки, их нужно отличать от провинций и городов Андалусии;Ceuta|Melilla|ciudades autónomas|norte de África;A1;2;2;high;CCSE Manual 2026 Tarea 3
T4-001;CCSE;Tarea 4 Cultura e historia de España;Периоды литературы;Крупные периоды литературы Испании включают Siglo de Oro XVI-XVII веков и Edad de Plata первой половины XX века;Siglo de Oro|siglos XVI y XVII|Edad de Plata|siglo XX|literatura española;A2;2;0;medium;CCSE Manual 2026 Tarea 4
T4-002;CCSE;Tarea 4 Cultura e historia de España;Cervantes и Don Quijote;Miguel de Cervantes родился в Alcalá de Henares, Don Quijote de la Mancha считается первой современной новеллой, главные персонажи Don Quijote и Sancho Panza;Miguel de Cervantes|Alcalá de Henares|Don Quijote|Sancho Panza|primera novela moderna;A1;3;3;high;CCSE Manual 2026 Tarea 4
T4-003;CCSE;Tarea 4 Cultura e historia de España;Средневековые и универсальные персонажи;Cantar de Mio Cid связан с Rodrigo Díaz de Vivar, Don Juan впервые появляется у Tirso de Molina в El burlador de Sevilla y convidado de piedra;Cantar de Mio Cid|Rodrigo Díaz de Vivar|El Cid|Don Juan|Tirso de Molina;A2;2;0;medium;CCSE Manual 2026 Tarea 4
T4-004;CCSE;Tarea 4 Cultura e historia de España;Siglo de Oro авторы;Lope de Vega и Fuenteovejuna, Calderón de la Barca и La vida es sueño, Lazarillo de Tormes как пикарескный роман, Santa Teresa, San Juan de la Cruz, Garcilaso, Góngora, Quevedo;Lope de Vega|Fuenteovejuna|Calderón|La vida es sueño|Lazarillo de Tormes|Quevedo;A2;5;0;high;CCSE Manual 2026 Tarea 4
T4-005;CCSE;Tarea 4 Cultura e historia de España;Поколения XX века;Generación del 98 включает Machado, Valle-Inclán, Unamuno, Generación de 1914 включает Ortega y Gasset и Clara Campoamor, Generación del 27 включает Lorca, Alberti, María Zambrano, Miguel Hernández, Aleixandre;Generación del 98|Antonio Machado|Unamuno|Ortega y Gasset|Clara Campoamor|Generación del 27|Lorca;A2;5;0;high;CCSE Manual 2026 Tarea 4
T4-006;CCSE;Tarea 4 Cultura e historia de España;Послевоенная литература;Camilo José Cela и La colmena, Carmen Laforet и Nada, Ana María Matute, Miguel Delibes и El camino отражают испанскую послевоенную литературу;Camilo José Cela|La colmena|Carmen Laforet|Nada|Ana María Matute|Miguel Delibes|El camino;A2;3;0;high;CCSE Manual 2026 Tarea 4
T4-007;CCSE;Tarea 4 Cultura e historia de España;Литература на других языках Испании;Rosalía de Castro писала на галисийском, Bernardo Atxaga на баскском, Mercè Rodoreda на каталанском, это показывает многоязычное культурное наследие;Rosalía de Castro|Follas Novas|Bernardo Atxaga|Obabakoak|Mercè Rodoreda|La plaça del Diamant;A2;3;0;medium;CCSE Manual 2026 Tarea 4
T4-008;CCSE;Tarea 4 Cultura e historia de España;Современная проза;Eduardo Mendoza, Soledad Puértolas, Antonio Muñoz Molina, Javier Marías, Carlos Ruiz Zafón, María Dueñas, Almudena Grandes, Javier Cercas, Fernando Aramburu, Irene Vallejo, Sara Mesa;Eduardo Mendoza|Muñoz Molina|Javier Marías|Ruiz Zafón|María Dueñas|Almudena Grandes|Irene Vallejo;A2;6;0;medium;CCSE Manual 2026 Tarea 4
T4-009;CCSE;Tarea 4 Cultura e historia de España;Музыка классическая и лирическая;Manuel de Falla написал El amor brujo, Joaquín Rodrigo написал Concierto de Aranjuez, Montserrat Caballé и Ainhoa Arteta сопрано, Alfredo Kraus и Josep Carreras теноры;Manuel de Falla|El amor brujo|Joaquín Rodrigo|Concierto de Aranjuez|Montserrat Caballé|Josep Carreras;A1;4;4;medium;CCSE Manual 2026 Tarea 4
T4-010;CCSE;Tarea 4 Cultura e historia de España;Современная музыка и flamenco;Movida madrileña связана с переходом к современной городской культуре, Serrat, Sabina, Alejandro Sanz, Rosalía, Luz Casal, Enrique Iglesias, flamenco связан с Lola Flores, Camarón, Paco de Lucía, Carmen Amaya, Sara Baras;movida madrileña|Joaquín Sabina|Rosalía|flamenco|Lola Flores|Camarón|Paco de Lucía|Sara Baras;A1;5;5;high;CCSE Manual 2026 Tarea 4
T4-011;CCSE;Tarea 4 Cultura e historia de España;Испанское кино;Luis Buñuel связан с мировым кино и сюрреализмом, также важны Carlos Saura, José Luis Garci, Pilar Miró, Berlanga, Trueba, Almodóvar, Amenábar, Coixet, Carla Simón, Icíar Bollaín;Luis Buñuel|Carlos Saura|José Luis Garci|Pilar Miró|Berlanga|Almodóvar|Amenábar|Isabel Coixet;A2;5;0;high;CCSE Manual 2026 Tarea 4
T4-012;CCSE;Tarea 4 Cultura e historia de España;Актёры и театральные институты;Javier Bardem и Penélope Cruz получили Óscar, также известны Antonio Banderas, Carmen Maura и другие, государственные сцены включают Teatro de la Zarzuela, Centro Dramático Nacional, Compañía Nacional de Teatro Clásico;Javier Bardem|Penélope Cruz|Óscar|Antonio Banderas|Teatro de la Zarzuela|Centro Dramático Nacional;A1;3;3;medium;CCSE Manual 2026 Tarea 4
T4-013;CCSE;Tarea 4 Cultura e historia de España;UNESCO и первые памятники;Испания имеет много объектов Patrimonio de la Humanidad, первые пять в 1984 включали Alhambra и Generalife, Catedral de Burgos, Mezquita de Córdoba, El Escorial, Parque Güell, Palacio Güell и Casa Milà;Patrimonio de la Humanidad|UNESCO|Alhambra|Generalife|Catedral de Burgos|Mezquita de Córdoba|El Escorial|Casa Milà;A2;5;0;high;CCSE Manual 2026 Tarea 4
T4-014;CCSE;Tarea 4 Cultura e historia de España;Другие объекты наследия;Altamira, Acueducto de Segovia, Mérida, Sagrada Familia и Camino de Santiago важны как культурные ориентиры, Camino de Santiago это паломнический маршрут и объект наследия;Altamira|Acueducto de Segovia|Mérida|Sagrada Familia|Camino de Santiago;A2;3;0;high;CCSE Manual 2026 Tarea 4
T4-015;CCSE;Tarea 4 Cultura e historia de España;Музеи Испании;Prado и Reina Sofía национальные музеи, также известны Picasso в Barcelona, Thyssen-Bornemisza в Madrid, Guggenheim в Bilbao;Museo del Prado|Museo Reina Sofía|Museo Picasso|Thyssen-Bornemisza|Guggenheim Bilbao;A1;3;3;high;CCSE Manual 2026 Tarea 4
T4-016;CCSE;Tarea 4 Cultura e historia de España;Живопись и произведения;Velázquez Las meninas в Prado, Goya Fusilamientos del 3 de mayo и La maja desnuda в Prado, Sorolla, Miró, Picasso Guernica в Reina Sofía, Dalí, Antonio López, Maruja Mallo La verbena;Velázquez|Las meninas|Goya|La maja desnuda|Sorolla|Miró|Picasso|Guernica|Maruja Mallo;A2;6;0;high;CCSE Manual 2026 Tarea 4
T4-017;CCSE;Tarea 4 Cultura e historia de España;Наука Al-Ándalus и Toledo;В Средневековье Córdoba была центром медицины, философии, математики и астрономии, Averroes и Maimónides важны, Escuela de Traductores de Toledo переносила знания на латинский и кастильский;Al-Ándalus|Córdoba|Averroes|Maimónides|Escuela de Traductores de Toledo;A2;3;0;medium;CCSE Manual 2026 Tarea 4
T4-018;CCSE;Tarea 4 Cultura e historia de España;Современная наука;CSIC крупнейшая публичная исследовательская институция Испании, важны Observatorio del Teide, Observatorio de Calar Alto и центр ESA в Villafranca del Castillo;CSIC|investigación científica|Observatorio del Teide|Calar Alto|ESA|Villafranca del Castillo;A2;3;0;medium;CCSE Manual 2026 Tarea 4
T4-019;CCSE;Tarea 4 Cultura e historia de España;1252 и Toledo;Alfonso X превратил Toledo в центр средневековой культуры, Toledo известен как город трёх культур: христианской, мусульманской и еврейской;Alfonso X el Sabio|Toledo|ciudad de las tres culturas|cristiana|musulmana|judía;A2;2;0;medium;CCSE Manual 2026 Tarea 4
T4-020;CCSE;Tarea 4 Cultura e historia de España;1492 год;В 1492 Colón открыл Америку для Европы, Reyes Católicos взяли Granada, была опубликована первая грамматика кастильского языка;1492|Cristóbal Colón|América|Reyes Católicos|Granada|gramática castellana;A2;3;0;high;CCSE Manual 2026 Tarea 4
T4-021;CCSE;Tarea 4 Cultura e historia de España;Первая кругосветка;В 1519 Magallanes и Juan Sebastián Elcano начали первую кругосветную экспедицию, это ключевой факт эпохи испанских открытий;1519|Magallanes|Juan Sebastián Elcano|primera vuelta al mundo;A2;2;0;medium;CCSE Manual 2026 Tarea 4
T4-022;CCSE;Tarea 4 Cultura e historia de España;Испанская империя XVI-XVII;Siglo de Oro империи связан с Carlos I и Felipe II, Carlos I считается первым королём Испании из-за объединения королевств, Felipe II управлял огромными территориями после объединения Испании и Португалии;Carlos I|Felipe II|Imperio español|Siglo de Oro|España y Portugal;A2;3;0;high;CCSE Manual 2026 Tarea 4
T4-023;CCSE;Tarea 4 Cultura e historia de España;Guerra de Sucesión;После смерти Carlos II без наследника началась Guerra de Sucesión 1705-1715 между Австрийским домом и Бурбонами, победили Бурбоны, Felipe de Anjou стал Felipe V;Guerra de Sucesión|Carlos II|Austrias|Borbones|Felipe V;A2;2;0;medium;CCSE Manual 2026 Tarea 4
T4-024;CCSE;Tarea 4 Cultura e historia de España;Guerra de Independencia;В 1808-1814 Испания воевала против французского вторжения и José Bonaparte, после войны Fernando VII вернулся на престол;Guerra de Independencia|1808|1814|José Bonaparte|Napoleón|Fernando VII;A2;2;0;high;CCSE Manual 2026 Tarea 4
T4-025;CCSE;Tarea 4 Cultura e historia de España;Desastre del 98;В 1898 Испания и США воевали из-за Кубы, Испания потеряла Кубу, Puerto Rico, Filipinas и Guam, это называют desastre del 98;Guerra de Cuba|desastre del 98|Estados Unidos|Cuba|Puerto Rico|Filipinas|Guam;A2;3;0;high;CCSE Manual 2026 Tarea 4
T4-026;CCSE;Tarea 4 Cultura e historia de España;Guerra Civil;Гражданская война 1936-1939 была конфликтом между сторонниками Второй Республики и восставшими военными под руководством национального лагеря;Guerra Civil|1936|1939|II República|republicanos|nacionales;A2;3;0;high;CCSE Manual 2026 Tarea 4
T4-027;CCSE;Tarea 4 Cultura e historia de España;Franquismo;После победы в гражданской войне Francisco Franco был главой государства до смерти в 1975, режим характеризовался диктатурой, национализмом, католицизмом и антикоммунизмом;Franquismo|Francisco Franco|1939|1975|dictadura|nacionalismo|catolicismo|anticomunismo;A2;3;0;high;CCSE Manual 2026 Tarea 4
T4-028;CCSE;Tarea 4 Cultura e historia de España;Transición;Transición охватывает период от смерти Franco 20 ноября 1975 до выборов октября 1982, ключевая фигура Adolfo Suárez, первые демократические выборы после диктатуры прошли 15 июня 1977;Transición española|20 de noviembre de 1975|1982|Adolfo Suárez|15 de junio de 1977|UCD;A2;4;0;high;CCSE Manual 2026 Tarea 4
T4-029;CCSE;Tarea 4 Cultura e historia de España;Референдум о Конституции и ЕС;6 декабря 1978 состоялся референдум о Конституции, 1 января 1986 Испания вступила в CEE, началась интеграция в европейские институты, Schengen и eurozona;referéndum|6 de diciembre de 1978|CEE|1 de enero de 1986|Schengen|euro;A2;3;0;high;CCSE Manual 2026 Tarea 4
T4-030;CCSE;Tarea 4 Cultura e historia de España;1992 год и 2014;В 1992 прошли Олимпиада в Barcelona, Expo в Sevilla, Madrid была культурной столицей Европы, открыт AVE, в 2014 Felipe VI стал королём;Barcelona 1992|Expo Sevilla|Madrid Capital Europea de la Cultura|AVE|Felipe VI|2014;A2;3;0;medium;CCSE Manual 2026 Tarea 4
T4-031;CCSE;Tarea 4 Cultura e historia de España;Фольклор;Jota распространена почти по всей Испании, flamenco особенно связан с Andalucía и признан ЮНЕСКО нематериальным наследием в 2010, sardana в Cataluña, muñeira в Galicia, sevillanas в Andalucía;jota|flamenco|Andalucía|Patrimonio Inmaterial|sardana|muñeira|sevillanas;A1;4;4;high;CCSE Manual 2026 Tarea 4
T4-032;CCSE;Tarea 4 Cultura e historia de España;Фольклорные инструменты;Типичные инструменты испанского фольклора включают guitarra, castañuelas, gaita, dulzaina, acordeón, txistu и tamboril;guitarra|castañuelas|gaita|dulzaina|acordeón|txistu|tamboril;A1;2;2;medium;CCSE Manual 2026 Tarea 4
T4-033;CCSE;Tarea 4 Cultura e historia de España;Navidad и Año Nuevo;Navidades с 24 декабря по 6 января, Nochebuena 24 декабря, Nochevieja 31 декабря с 12 виноградинами, Reyes Magos 6 января, символы belén и árbol;Navidad|Nochebuena|Nochevieja|12 uvas|Reyes Magos|belén|árbol de Navidad;A1;4;4;high;CCSE Manual 2026 Tarea 4
T4-034;CCSE;Tarea 4 Cultura e historia de España;Carnavales, Fallas, Semana Santa;Carnavales особенно известны в Tenerife и Cádiz, Fallas de Valencia в марте к San José, Semana Santa в марте или апреле, особенно известна в Andalucía;Carnavales|Tenerife|Cádiz|Fallas de Valencia|San José|Semana Santa|Andalucía;A1;4;4;high;CCSE Manual 2026 Tarea 4
T4-035;CCSE;Tarea 4 Cultura e historia de España;Sant Jordi, Rocío, San Juan;Sant Jordi 23 апреля в Cataluña и Baleares с книгами и розами, Romería del Rocío около мая в Almonte, Noche de San Juan 23-24 июня с кострами;Sant Jordi|23 de abril|rosas|libros|Romería del Rocío|Almonte|Noche de San Juan|hogueras;A1;4;4;high;CCSE Manual 2026 Tarea 4
T4-036;CCSE;Tarea 4 Cultura e historia de España;Sanfermines и Tomatina;Sanfermines проходят в июле в Pamplona с белой одеждой, красным платком и encierros, Tomatina проходит в последний miércoles августа в Buñol;Sanfermines|Pamplona|encierros|pañuelo rojo|Tomatina|Buñol|último miércoles de agosto;A1;3;3;high;CCSE Manual 2026 Tarea 4
T4-037;CCSE;Tarea 4 Cultura e historia de España;Культурные премии и события;Premios Princesa de Asturias продвигают научные, культурные и гуманистические ценности, Premio Cervantes награждает литературу на испанском, Premio Nacional de las Letras награждает испанских писателей на языках Испании;Premios Princesa de Asturias|Premio Cervantes|Premio Nacional de las Letras|literatura;A2;3;0;medium;CCSE Manual 2026 Tarea 4
T4-038;CCSE;Tarea 4 Cultura e historia de España;Книги, кино и театр;Día del Libro 23 апреля связан с Cervantes, Shakespeare и Inca Garcilaso, Goya награждает кино, известны фестивали San Sebastián, Sitges, Málaga, Valladolid, ARCO проходит в Madrid;Día del Libro|23 de abril|Premios Goya|San Sebastián|Sitges|Málaga|Valladolid|ARCO;A2;4;0;medium;CCSE Manual 2026 Tarea 4
T4-039;CCSE;Tarea 4 Cultura e historia de España;Испанские Нобелевские лауреаты;Нужно знать имена Echegaray, Ramón y Cajal, Benavente, Juan Ramón Jiménez, Severo Ochoa, Vicente Aleixandre, Camilo José Cela, Mario Vargas Llosa и области литературы или медицины;José Echegaray|Ramón y Cajal|Jacinto Benavente|Juan Ramón Jiménez|Severo Ochoa|Vicente Aleixandre|Cela|Vargas Llosa;A2;5;0;medium;CCSE Manual 2026 Tarea 4
T4-040;CCSE;Tarea 4 Cultura e historia de España;Спорт;Популярны Liga и Copa del Rey по футболу и баскетболу, Vuelta ciclista a España, известны Nadal, Alcaraz, Gasol, Sainz, Márquez, Induráin, Belmonte, Marín, Perales и паралимпийские чемпионы;Liga|Copa del Rey|Vuelta a España|Rafael Nadal|Carlos Alcaraz|Pau Gasol|Miguel Induráin|Teresa Perales;A1;5;5;medium;CCSE Manual 2026 Tarea 4
T5-001;CCSE;Tarea 5 Sociedad española;Имена и фамилии;В Испании у человека обычно одно простое или составное имя и две фамилии, родители могут выбрать порядок фамилий, первая может быть от матери или отца;nombre|apellido|dos apellidos|padre|madre|orden de apellidos;A0;2;2;high;CCSE Manual 2026 Tarea 5
T5-002;CCSE;Tarea 5 Sociedad española;DNI, NIF и паспорт;DNI обязателен для испанцев старше 14 лет, номер DNI с буквой также служит NIF, паспорт нужен для поездок в страны вне ЕС или Schengen;DNI|14 años|NIF|pasaporte|Unión Europea|Schengen;A1;3;3;high;CCSE Manual 2026 Tarea 5
T5-003;CCSE;Tarea 5 Sociedad española;Registro Civil и семейные документы;Libro de familia постепенно заменяется индивидуальным электронным реестром с 1 мая 2021, Registro Civil оформляет рождения, браки, разводы и гражданство, certificado de nacimiento показывает место и дату рождения;libro de familia|registro electrónico individual|1 de mayo de 2021|Registro Civil|certificado de nacimiento|nacionalidad;A2;4;0;high;CCSE Manual 2026 Tarea 5
T5-004;CCSE;Tarea 5 Sociedad española;Seguridad Social и vida laboral;Номер Seguridad Social получают при начале работы и взносах, informe de vida laboral показывает стаж, работодателей, даты и типы контрактов;Número de la Seguridad Social|cotizar|informe de vida laboral|contratos|trayectoria profesional;A2;2;0;high;CCSE Manual 2026 Tarea 5
T5-005;CCSE;Tarea 5 Sociedad española;Tarjeta sanitaria;Tarjeta sanitaria нужна для доступа к публичной медицине, оформляется в центре здоровья по месту жительства;tarjeta sanitaria|sanidad pública|centro de salud|domicilio;A1;2;2;high;CCSE Manual 2026 Tarea 5
T5-006;CCSE;Tarea 5 Sociedad española;Carné de conducir;Водительские права получают с 18 лет, нужны теоретический и практический экзамены, психофизическая пригодность, документ личности и фото, выдаёт DGT;carné de conducir|18 años|examen teórico|examen práctico|DGT|aptitud psicofísica;A1;3;3;high;CCSE Manual 2026 Tarea 5
T5-007;CCSE;Tarea 5 Sociedad española;Empadronamiento;Certificado de empadronamiento подтверждает место проживания, оформляется в ayuntamiento при подтверждении жилья и предоставлении документа личности;certificado de empadronamiento|residencia|ayuntamiento|vivienda|documento de identidad;A1;2;2;high;CCSE Manual 2026 Tarea 5
T5-008;CCSE;Tarea 5 Sociedad española;Данные в документах;Официальные документы обычно содержат имя и фамилии, DNI или NIE или паспорт, пол, domicilio, почтовый код, местность, провинцию, место и дату рождения;nombre y apellidos|DNI|NIE|pasaporte|sexo|domicilio|código postal|fecha de nacimiento;A1;2;2;medium;CCSE Manual 2026 Tarea 5
T5-009;CCSE;Tarea 5 Sociedad española;TIE и сроки гражданства;Иностранцы для легального проживания получают TIE, общий срок гражданства 10 лет, для беженцев 5, для ибероамериканских стран, Andorra, Filipinas, Guinea Ecuatorial, Portugal и sefardíes 2, в особых случаях 1;TIE|residencia legal|10 años|5 años|2 años|1 año|nacionalidad española;B1;4;0;high;CCSE Manual 2026 Tarea 5
T5-010;CCSE;Tarea 5 Sociedad española;Где оформляют документы;Registro Civil занимается рождением, браком, разводом и гражданством, comisaría de policía оформляет DNI, TIE и pasaporte, centro de salud оформляет tarjeta sanitaria;Registro Civil|comisaría de policía|DNI|TIE|pasaporte|centro de salud|tarjeta sanitaria;A2;3;0;high;CCSE Manual 2026 Tarea 5
T5-011;CCSE;Tarea 5 Sociedad española;Брак и типы семьи;Браки могут быть гражданскими и религиозными, разрешён брак людей одного пола, можно зарегистрировать pareja de hecho, monoparental это один родитель с детьми, numerosa от трёх детей;matrimonio civil|matrimonio religioso|mismo sexo|pareja de hecho|familia monoparental|familia numerosa;A1;4;4;high;CCSE Manual 2026 Tarea 5
T5-012;CCSE;Tarea 5 Sociedad española;Развод и семейные права;Развод разрешён, custody и экономическая ответственность регулируются, есть отпуска по рождению или усыновлению, lactancia и сокращение рабочего дня для ухода за детьми;divorcio|custodia|responsabilidad económica|permiso por nacimiento|adopción|lactancia|reducción de jornada;A2;3;0;medium;CCSE Manual 2026 Tarea 5
T5-013;CCSE;Tarea 5 Sociedad española;Жильё;Самый распространённый тип жилья квартира в многоквартирном доме, есть chalé и adosado, около 75 процентов жилья в собственности, около 25 процентов в аренде;vivienda|piso|chalé|casa adosada|propiedad|alquiler;A1;3;3;high;CCSE Manual 2026 Tarea 5
T5-014;CCSE;Tarea 5 Sociedad española;Аренда и VPO;Аренда регулируется договором с длительностью, ценой и обязанностями, обычно вносится fianza, vivienda de protección oficial имеет ограниченную цену и поддержку администрации;contrato de alquiler|arrendador|inquilino|fianza|vivienda de protección oficial;A2;3;0;medium;CCSE Manual 2026 Tarea 5
T5-015;CCSE;Tarea 5 Sociedad española;Comunidad de vecinos;В соседском сообществе нужно платить gastos de comunidad, не шуметь особенно после 22:00, сортировать мусор и беречь общие пространства;comunidad de vecinos|gastos de comunidad|ruidos|22:00|reciclar basura|espacios comunes;A1;2;2;medium;CCSE Manual 2026 Tarea 5
T5-016;CCSE;Tarea 5 Sociedad española;Домашние животные;Собаки и кошки обычно регистрируются с microchip, нужны вакцинация, ветеринарные проверки, для собак seguro de responsabilidad civil, хозяева убирают экскременты и соблюдают правила выгула;animales domésticos|microchip|vacunación|veterinario|seguro de responsabilidad civil|correa|bozal;A2;3;0;medium;CCSE Manual 2026 Tarea 5
T5-017;CCSE;Tarea 5 Sociedad española;Гастрономия базовая;Известные блюда и напитки: paella, tortilla de patatas, churros, gazpacho, sangría, aceite de oliva, jamón ibérico, turrón, mazapán, roscón de Reyes, torrijas, vino, cava, sidra;paella|tortilla de patatas|churros|gazpacho|sangría|aceite de oliva|jamón|cava|sidra;A0;5;5;high;CCSE Manual 2026 Tarea 5
T5-018;CCSE;Tarea 5 Sociedad española;Denominaciones de origen;La Rioja, Ribera del Duero и Jerez известны по винам, Asturias по sidra, Cataluña по cava, Andalucía и Castilla-La Mancha по aceite de oliva, Extremadura, Andalucía и Castilla y León по productos ibéricos;La Rioja|Ribera del Duero|Jerez|Asturias|sidra|Cataluña|cava|Andalucía|aceite de oliva;A1;4;4;medium;CCSE Manual 2026 Tarea 5
T5-019;CCSE;Tarea 5 Sociedad española;Приёмы пищи и ресторан;Обычно завтрак 7:30-8:30, comida 14:00-15:30, cena 21:00-22:00, tapas, pinchos, raciones, plato combinado, menú del día и a la carta;desayuno|comida|cena|tapa|pincho|ración|menú del día|a la carta;A0;4;4;high;CCSE Manual 2026 Tarea 5
T5-020;CCSE;Tarea 5 Sociedad española;Праздничный календарь;Рабочий календарь имеет 14 праздничных дней, основные даты включают 1 января, 6 января, Viernes Santo, 1 мая, 15 августа, 12 октября, 1 ноября, 6 декабря, 8 декабря, 25 декабря;calendario laboral|14 festivos|Año Nuevo|Día de Reyes|Viernes Santo|Día del Trabajo|Fiesta Nacional|Navidad;A1;5;5;high;CCSE Manual 2026 Tarea 5
T5-021;CCSE;Tarea 5 Sociedad española;Время и расписания;Испания живёт по GMT/UTC плюс 1 зимой и плюс 2 летом, на Канарах на час меньше, многие магазины открыты примерно 10:00-20:00, малый бизнес часто закрыт по воскресеньям;GMT|UTC|Canarias|una hora menos|horarios comerciales|domingo cerrado;A1;3;3;medium;CCSE Manual 2026 Tarea 5
T5-022;CCSE;Tarea 5 Sociedad española;Школьное образование;Школьный календарь с сентября по июнь, образование обязательно и бесплатно с 6 до 16, Infantil не обязательна и имеет циклы 0-3 и 3-6, Primaria 6-12, ESO 12-16;calendario escolar|septiembre|junio|Educación Infantil|Primaria|ESO|6 a 16 años;A1;4;4;high;CCSE Manual 2026 Tarea 5
T5-023;CCSE;Tarea 5 Sociedad española;Bachillerato и FP;Bachillerato длится 2 курса и обычно 16-18 лет, Formación Profesional может быть básica, grado medio и grado superior, Grado Medio даёт título de Técnico, Grado Superior título de Técnico Superior;Bachillerato|Formación Profesional|FP Básica|Grado Medio|Grado Superior|Técnico|Técnico Superior;A2;4;0;high;CCSE Manual 2026 Tarea 5
T5-024;CCSE;Tarea 5 Sociedad española;Университет и EOI;Для университета нужен Bachillerato или FP superior и PAU, университет включает Grado, Máster и Doctorado, EOI учит языки и принимает обычно с 16 лет;Universidad|PAU|Grado|Máster|Doctorado|tesis doctoral|Escuela Oficial de Idiomas|16 años;A2;4;0;high;CCSE Manual 2026 Tarea 5
T5-025;CCSE;Tarea 5 Sociedad española;Типы школ;Públicos финансируются администрацией и бесплатны, concertados частные с публичной субсидией, privados финансируются семьями;centro público|centro concertado|centro privado|Administración pública|subvención|familias;A1;3;3;high;CCSE Manual 2026 Tarea 5
T5-026;CCSE;Tarea 5 Sociedad española;Образование взрослых и библиотеки;CEPA помогают людям старше 18 получить ESO или подготовиться к доступу в университет старше 25, публичные библиотеки бесплатны и дают книги, wifi, компьютеры и места для учёбы;CEPA|personas adultas|18 años|mayores de 25|bibliotecas públicas|préstamo|wifi;A1;3;3;medium;CCSE Manual 2026 Tarea 5
T5-027;CCSE;Tarea 5 Sociedad española;Sistema Nacional de Salud;Система здравоохранения включает услуги, гарантированные публичными властями, государство координирует через Ministerio de Sanidad, большинство компетенций передано автономиям;Sistema Nacional de Salud|Ministerio de Sanidad|comunidades autónomas|protección de la salud;A2;3;0;high;CCSE Manual 2026 Tarea 5
T5-028;CCSE;Tarea 5 Sociedad española;Медицинские учреждения;Centro de salud для первичной помощи и семейного врача или педиатра, centro de especialidades для специалистов, hospital для госпитализации и хирургии, есть urgencias и atención domiciliaria;centro de salud|médico de familia|pediatra|centro de especialidades|hospital|urgencias;A1;4;4;high;CCSE Manual 2026 Tarea 5
T5-029;CCSE;Tarea 5 Sociedad española;Европейская санитарная карта и донорство;Tarjeta sanitaria europea действует 2 года для использования в странах ЕС, Испания много лет лидер по донорству органов, Organización Nacional de Trasplantes получила Premio Príncipe de Asturias;tarjeta sanitaria europea|dos años|Unión Europea|donación de órganos|Organización Nacional de Trasplantes;A2;2;0;medium;CCSE Manual 2026 Tarea 5
T5-030;CCSE;Tarea 5 Sociedad española;Социальные службы и помощь;Государство даёт ayudas через Seguridad Social, например Ingreso Mínimo Vital, пенсии по вдовству, сиротству или постоянной нетрудоспособности, автономии дают скидки и помощь семьям, детям, молодёжи и пожилым;Servicios sociales|Seguridad Social|Ingreso Mínimo Vital|pensión|IMSERSO|ayudas;A2;3;0;medium;CCSE Manual 2026 Tarea 5
T5-031;CCSE;Tarea 5 Sociedad española;ONG, ONCE и инвалидность;Cáritas, Cruz Roja, AECC помогают социально и санитарно, ONCE работает для интеграции людей с нарушениями зрения и защиты прав людей с инвалидностью;Cáritas|Cruz Roja|AECC|ONCE|discapacidad visual|integración;A2;2;0;medium;CCSE Manual 2026 Tarea 5
T5-032;CCSE;Tarea 5 Sociedad española;Экстренные номера;112 бесплатный номер любых чрезвычайных ситуаций в ЕС, 016 бесплатная круглосуточная помощь жертвам гендерного насилия, 016 не оставляет следа в телефонном счёте;112|emergencias|Unión Europea|016|violencia de género|24 horas;A1;3;3;high;CCSE Manual 2026 Tarea 5
T5-033;CCSE;Tarea 5 Sociedad española;Медиа и телевидение;RTVE это публичная корпорация, La 1 общий канал, La 2 культурный, Clan детский, 24 horas новости, Teledeporte спорт, частные группы Atresmedia и Mediaset, автономные каналы Canal Sur, ETB, Telemadrid, TV3, TVG;RTVE|La 1|La 2|Clan|24 horas|Teledeporte|Atresmedia|Mediaset|Canal Sur|TV3;A2;5;0;medium;CCSE Manual 2026 Tarea 5
T5-034;CCSE;Tarea 5 Sociedad española;Пресса и радио;Национальные газеты ABC, El Mundo, El País, La Razón, La Vanguardia, региональные и спортивные издания, публичное радио Radio Nacional, частные Cadena SER, COPE и Onda Cero;ABC|El Mundo|El País|La Razón|La Vanguardia|Radio Nacional|Cadena SER|COPE|Onda Cero;A2;3;0;medium;CCSE Manual 2026 Tarea 5
T5-035;CCSE;Tarea 5 Sociedad española;Единицы измерения;Испания использует Sistema Internacional, базовые единицы metro, kilogramo, segundo, также употребляются minuto, hora, día, hectárea, litro, tonelada, бытовые выражения cuarto, medio, tres cuartos;Sistema Internacional|metro|kilogramo|segundo|litro|tonelada|cuarto|medio;A2;2;0;low;CCSE Manual 2026 Tarea 5
T5-036;CCSE;Tarea 5 Sociedad española;Права потребителей;Конституция защищает безопасность, здоровье и экономические интересы потребителей, правила касаются этикеток, цен, скидок, информации, гарантии товара и возврата;consumidores|usuarios|etiquetado|rebajas|garantía|devolución|Agencia de Consumo;B1;3;0;medium;CCSE Manual 2026 Tarea 5
T5-037;CCSE;Tarea 5 Sociedad española;Бытовые сервисы;Farmacia продаёт лекарства с рецептом и без, есть дежурные 24 часа, Correos отправляет почту, quiosco продаёт прессу, estanco продаёт табак и марки, mercado municipal продаёт свежие продукты;farmacia|receta médica|24 horas|Correos|quiosco|estanco|mercado municipal;A1;4;4;high;CCSE Manual 2026 Tarea 5
T5-038;CCSE;Tarea 5 Sociedad española;Правила в публичных местах;В парках и общественных местах нужно уважать людей, правила и расписания, не есть и не пить где запрещено, не курить у больниц и школ, не топтать газон и не рвать цветы;zonas de recreo|normas|no fumar|hospital|centro educativo|no pisar el césped|flores;A1;3;3;medium;CCSE Manual 2026 Tarea 5
T5-039;CCSE;Tarea 5 Sociedad española;Дорожные правила;Предел скорости 120 км/ч на autopista или autovía, 90 на обычной дороге, 20-30-50 в городе, ремень безопасности обязателен для всех пассажиров, алкогольный лимит 0,5 г/л;autopista|autovía|120 km/h|90 km/h|cinturón de seguridad|0,5 g/l|alcoholemia;A1;4;4;high;CCSE Manual 2026 Tarea 5
T5-040;CCSE;Tarea 5 Sociedad española;Обязанности владельца автомобиля;Нужно зарегистрировать и поставить машину на номера, иметь seguro, проходить ITV, платить ежегодные налоги, не давать машину людям без прав, иметь действующие права и не потерять все puntos;coche|matrícula|seguro|ITV|impuestos|carné en vigor|puntos del carné;A2;3;0;high;CCSE Manual 2026 Tarea 5
T5-041;CCSE;Tarea 5 Sociedad española;Городской и железнодорожный транспорт;В Испании есть metro, autobús, tranvía, taxi, trenes de cercanías, media и larga distancia, такси свободно если горит зелёный свет или cartel Libre;metro|autobús|tranvía|taxi|luz verde|Libre|cercanías|larga distancia;A1;3;3;high;CCSE Manual 2026 Tarea 5
T5-042;CCSE;Tarea 5 Sociedad española;Поезда, аэропорты и порты;Renfe публичная железнодорожная компания, OUIGO и Iryo частные high speed, AVE, ALVIA и ALARIS высокоскоростные поезда, главные аэропорты Madrid-Barajas, Barcelona-El Prat, Palma, Málaga, порты Algeciras, Barcelona, Las Palmas, Bilbao, Valencia, Vigo;Renfe|OUIGO|Iryo|AVE|ALVIA|Madrid-Barajas|El Prat|Algeciras|Barcelona|Valencia;A2;5;0;medium;CCSE Manual 2026 Tarea 5
T5-043;CCSE;Tarea 5 Sociedad española;Этикет в транспорте;Нужно соблюдать очередь, не курить, уступать место пожилым, людям с ограниченной мобильностью и беременным, сначала дать выйти, не говорить с водителем без необходимости, занимать указанное место если места пронумерованы;transporte público|respetar la fila|ceder el asiento|dejar salir antes de entrar|no fumar|asiento asignado;A1;3;3;medium;CCSE Manual 2026 Tarea 5
T5-044;CCSE;Tarea 5 Sociedad española;Экономика Испании;Экономика Испании 5-я в ЕС и 14-я в мире по абсолютным показателям, евро используется с 2002 вместо peseta, крупнейший сектор услуг, затем промышленность и строительство, затем сельское хозяйство, рыболовство и животноводство;economía|Unión Europea|euro|peseta|sector terciario|sector secundario|sector primario;A2;4;0;high;CCSE Manual 2026 Tarea 5
T5-045;CCSE;Tarea 5 Sociedad española;PIB, turismo и торговля;PIB per cápita ниже среднего ЕС, высокий туризм, Испания импортирует нефть и производные, автомобильные компоненты, текстиль, экспортирует автомобили, фрукты, овощи, вино, масло, обувь и лекарства, торговля главным образом с ЕС;PIB per cápita|turismo|importar petróleo|exportar automóviles|frutas|vino|aceite|calzado|Unión Europea;A2;5;0;medium;CCSE Manual 2026 Tarea 5
T5-046;CCSE;Tarea 5 Sociedad española;Инновации и экономические институты;Испания выделяется в возобновляемой энергетике, биотехнологиях, фармацевтике, транспорте и технологических малых и средних компаниях, важны Banco de España, Bolsa IBEX 35, ICEX, CES, Seguridad Social;energías renovables|biotecnología|farmacéutico|Banco de España|IBEX 35|ICEX|CES|Seguridad Social;A2;4;0;medium;CCSE Manual 2026 Tarea 5
T5-047;CCSE;Tarea 5 Sociedad española;Работа и категории населения;Минимальный возраст работы 16 лет, люди классифицируются как ocupadas, paradas или desempleadas, inactivas и jubiladas;trabajar|16 años|ocupado|parado|desempleado|inactivo|jubilado;A1;3;3;high;CCSE Manual 2026 Tarea 5
T5-048;CCSE;Tarea 5 Sociedad española;Трудовое право и налоги;Главный трудовой закон Estatuto de los Trabajadores, convenios colectivos подписывают компания и представители работников, прямые налоги включают IRPF и Sociedades, косвенные налоги включают IVA;Estatuto de los Trabajadores|convenios colectivos|IRPF|Impuesto de Sociedades|IVA|impuestos directos|impuestos indirectos;B1;4;0;high;CCSE Manual 2026 Tarea 5
DELE-001;DELE A2;Comprensión de lectura;Чтение: объявления и короткие тексты;Тренировать короткие объявления, расписания, афиши, email и бытовые сообщения, искать конкретную информацию кто, где, когда, цена, время, условие;comprensión de lectura|anuncio|horario|correo electrónico|precio|fecha|lugar;A1;5;5;high;DELE A2 guide
DELE-002;DELE A2;Comprensión de lectura;Чтение: соответствие текстов и людей;Тренировать сопоставление описаний людей с предложениями, курсами, мероприятиями, услугами, объявлениями о жилье или работе;relacionar|personas|ofertas|cursos|actividades|servicios|vivienda|trabajo;A1;4;4;high;DELE A2 guide
DELE-003;DELE A2;Comprensión de lectura;Чтение: личные письма и простые рассказы;Тренировать понимание писем, сообщений и рассказов о семье, путешествии, городе, учёбе, работе, планах и прошлом опыте;carta personal|mensaje|familia|viaje|ciudad|estudios|trabajo|planes;A1;5;5;high;DELE A2 guide
DELE-004;DELE A2;Comprensión de lectura;Чтение: инструкции и правила;Тренировать простые правила в транспорте, музее, школе, парке, медицинском центре, администрации и магазине;instrucciones|normas|transporte|museo|escuela|parque|centro de salud|tienda;A1;4;4;medium;DELE A2 guide
DELE-005;DELE A2;Comprensión auditiva;Аудирование: короткие сообщения;Тренировать объявления по телефону, в транспорте, магазине, школе, клинике и администрации, распознавать числа, время, даты и места;comprensión auditiva|mensaje|teléfono|transporte|números|horas|fechas|lugares;A1;5;5;high;DELE A2 guide
DELE-006;DELE A2;Comprensión auditiva;Аудирование: диалоги;Тренировать бытовые диалоги в баре, магазине, квартире, банке, поликлинике, на работе и в учебном центре, понимать просьбу, решение и следующий шаг;diálogo|bar|tienda|vivienda|banco|centro de salud|trabajo|pedir ayuda;A1;5;5;high;DELE A2 guide
DELE-007;DELE A2;Comprensión auditiva;Аудирование: радио и публичные объявления;Тренировать краткие новости и объявления о погоде, транспорте, культурном событии, расписании, изменении услуги и безопасности;radio|noticia breve|tiempo|transporte público|evento cultural|horario|seguridad;A1;4;4;medium;DELE A2 guide
DELE-008;DELE A2;Expresión e interacción escritas;Письмо: короткое сообщение;Тренировать email или сообщение другу, соседу, школе или администрации, сообщить факт, попросить услугу, объяснить причину, предложить время и завершить вежливо;correo electrónico|mensaje|pedir un favor|explicar|proponer|saludar|despedirse;A1;6;6;high;DELE A2 guide
DELE-009;DELE A2;Expresión e interacción escritas;Письмо: описание опыта или плана;Тренировать текст о поездке, переезде, празднике, семье, работе, учебё или посещении учреждения, использовать настоящее, прошедшее и ближайшее будущее;describir|experiencia|plan|viaje|mudanza|fiesta|familia|trabajo|estudios;A1;6;6;high;DELE A2 guide
DELE-010;DELE A2;Expresión e interacción escritas;Письмо: связки и A2-грамматика;Отрабатывать porque, pero, también, además, primero, después, entonces, por eso, сравнения, даты, времена, согласование рода и числа;porque|pero|también|además|primero|después|por eso|género|número;A1;4;4;high;DELE A2 guide
DELE-011;DELE A2;Expresión e interacción orales;Устная часть: presentación personal;Тренировать рассказ о себе 2-3 минуты: имя, происхождение, город, семья, работа, учёба, распорядок, свободное время, планы, почему учишь испанский;presentación personal|me llamo|soy de|vivo en|familia|trabajo|estudios|tiempo libre|planes;A0;6;6;high;DELE A2 guide
DELE-012;DELE A2;Expresión e interacción orales;Устная часть: descripción de una imagen;Тренировать описание фотографии: кто на изображении, где находятся, что делают, погода, одежда, предметы, настроение, предположения;describir una imagen|hay|está|están|lleva|parece|a la derecha|a la izquierda|al fondo;A1;6;6;high;DELE A2 guide
DELE-013;DELE A2;Expresión e interacción orales;Устная часть: conversación simulada;Тренировать диалоги после описания картинки: попросить информацию, купить билет, записаться на приём, договориться о встрече, пожаловаться, извиниться, предложить решение;conversación|situación simulada|pedir información|comprar|cita|quedar|quejarse|disculparse;A1;6;6;high;DELE A2 guide
DELE-014;DELE A2;Funciones comunicativas;A2-функции для гражданской тематики;Тексты должны регулярно тренировать как спросить дорогу, оформить документ, записаться в центр здоровья, объяснить адрес, рассказать о празднике, сравнить города и описать правила;preguntar|documento|cita previa|dirección|fiesta|comparar|normas|trámite;A1;5;5;high;DELE A2 guide
DELE-015;DELE A2;Léxico transversal;Лексика для экзамена и жизни в Испании;Словарные поля: документы, администрация, образование, здоровье, жильё, транспорт, работа, покупки, еда, праздники, семья, культура и география;documentos|administración|educación|salud|vivienda|transporte|trabajo|compras|comida|fiestas;A2;8;0;high;DELE A2 guide
