id,title,level,score_10,source_sha256
free_es_a0_cena_a_las_nueve_1782924472,Cena a las nueve,A0,5,4f03699abdb9c85bb6b5cc2da81fdca49a16cf77b5ac592658f510f6721e5537
free_es_a0_comida_a_las_dos_1782924471,Comida a las dos,A0,5,5c410f33662e6c14c9d94657007373b415b90efccec1243a85c4e60ca494f101
free_es_a0_desayuno_a_las_ocho_1782924470,Desayuno a las ocho,A0,5,21773d055a22ac8a1c6e15145d694aef6505d67acd53ea4f57701c29952f75f4
free_es_a0_dos_horas_en_la_tienda_1782238110,Dos horas en la tienda,A0,6,ab32e6bde102092f1fb772ec7da21c09d3b0fb786fa7e9b254bcbbfec3e6f87f
free_es_a0_la_farmacia_1782238932,La farmacia,A0,5,b59378c22f9a554744acedca7eefea6a06534034f5c127f49c68463afe4b9e56
free_es_a0_la_letra_1782238448,La letra ñ,A0,6,8742510905ec31368f0ab132f30694a66ef2720506aa489004fec73c7e26fc81
free_es_a0_mara_y_la_taza_azul_1782923701,Mara y la taza azul,A0,5,464179370c7f08e7a1cc9d8d298add65516bd6ac2e583f23b1918927113b9f92
free_es_a0_mi_nombre_completo_1782924463,Mi nombre completo,A0,6,341551fa5867f4c11fc095badaf36f38fb6de504b87ae394d097389a46abc283
free_es_a0_soy_diego_1782924479,Soy Diego,A0,6,879a112735bac9501eec4038f86d4c299c5278ffc909191fb1c649c16a048a79
free_es_a0_soy_elena_1782924474,Soy Elena,A0,6,c42f9f3f3c6c34a6a086d7fb858835bf4ce0cad6f017095a8d14040ba3e2b8a2
free_es_a0_soy_lina_1782924476,Soy Lina,A0,6,5a9749344fdaf6bb21dc3fced4afddf264da2ada3a6a409161ceff03daaf00e7
free_es_a0_tapas_en_espa_a_1782239093,Tapas en España,A0,5,89a754edae3fa825393fc31e4809d218e9afb6a5ed1dbb5355609329a093b0dd
free_es_a0_tortilla_espa_ola_1782924466,Tortilla española,A0,6,d5ee3ddfbc8ea9f6fa93c019b7dd6bdf58770af59d4c5c8a67980d1bfbcc54a8
free_es_a0_tres_colores_1782924460,Tres colores,A0,5,7a9ec4c16e771058fc86cd0126f1a83e1b6c4231cf820b0fed1f72ec78ba228c
free_es_a0_una_tapa_peque_a_1782924473,Una tapa pequeña,A0,5,a76ac3e34eb321e1c58d924b18bac77def23062af88888657d8338b527677d30
free_es_a1_aceite_e_ib_ricos_1782924855,Aceite e ibéricos,A1,6,407823587698aeab455160fd4422cb4c1ca982444f80f1bbad830f36956ae212
free_es_a1_agenda_de_andaluc_a_1782924638,Agenda de Andalucía,A1,6,c53797c5723702bc367947bfbb06e40fb997cb315e0747044cbd7d79d4f125f5
free_es_a1_andaluc_a_natural_1782924617,Andalucía natural,A1,5,55e877f643bb0d2d5ef41fe477349a666ba32b0917c9904dd2749b08be827981
free_es_a1_antes_de_la_prueba_ccse_1782924496,Antes de la prueba CCSE,A1,6,e85026f014e0d3d022065e02b4d8fc3f931e43c8829b939254b0fb176651cb25
free_es_a1_anuncio_de_piscina_1782924962,Anuncio de piscina,A1,6,f98a35e4b5c53f96c5d9c5bb88387a90d7a2281c4e859417249c5c48c938afb1
free_es_a1_atl_ntico_o_mediterr_neo_1782924590,Atlántico o Mediterráneo,A1,5,59a2841f00bbf5241be2b825e8e802a01fe8515a209f6d312114cc3d447957c8
free_es_a1_autoescuela_1782924812,Autoescuela,A1,4,ec1df86aac3a8861aa2d475cacbc5ce34136dfc87bb9f828f0fb2bc98435d767
free_es_a1_aviso_del_parque_1782924993,Aviso del parque,A1,6,e71bcc8ceb4050bfbebdee8bf513e04381862161d01c877afeee3bccd7cb69b9
free_es_a1_baile_flamenco_1782924722,Baile flamenco,A1,6,8ab54655fbe728e23b26fa16f566c640369426aba82d6dc26eacf9eba208a59e
free_es_a1_biblioteca_p_blica_1782924898,Biblioteca pública,A1,6,eb4fc0148ba3c117d2fb21b05259e6a98880dc504ae7f7c76e182df85db953f9
free_es_a1_buscar_piso_1782924835,Buscar piso,A1,6,f42fd77bacd0cad716d173923f71acbdc443e8258d0aec25dce1e28e42501a4c
free_es_a1_calendario_de_navidad_1782924755,Calendario de Navidad,A1,5,63417eadcaf30da20b4a4cf390464a9d38e2441ca2a149ca681b9f99589e42b2
free_es_a1_calendario_laboral_1782924857,Calendario laboral,A1,5,07e3015c7af71b1cc3ca311d34b350fb90b362ec5b91c5c803ca6317219e5a04
free_es_a1_camino_al_roc_o_1782924775,Camino al Rocío,A1,6,43f31b2d70e98b6fff4e7cdfb42da6495d2477a9b5b64fde39c5ae7a0856113f
free_es_a1_camino_y_capital_1782924681,Camino y capital,A1,5,ae1d7a48412dd97fc0a4c70a1a27c0c6896e9f926469e799a70348dc40e3d8fd
free_es_a1_capitales_del_norte_peque_o_1782924643,Capitales del norte pequeño,A1,6,2cfbe941608dabdc07f616e212d4b4b1bc2c44e101f45f58e50d20c80f8e0e21
free_es_a1_capitales_en_la_pizarra_1782924630,Capitales en la pizarra,A1,6,ba2f2c2973875fcdb6d9d1f6854935196355a2d241b744d08ee71089a872046e
free_es_a1_cena_de_nochebuena_1782924757,Cena de Nochebuena,A1,5,5f348904f78a218114d80c2f4fa3044658f2dae415779517de7ac4f02761e022
free_es_a1_centro_de_salud_1782924806,Centro de salud,A1,6,ee1465a030f6198f380b728efe851a0fbbf9fed2a9b8b76bf3945c0b272c0fe7
free_es_a1_centro_p_blico_1782924886,Centro público,A1,5,e926fbdb71f8c458ddb7363bc4da175af6546867713d29a76384490baefe9fa5
free_es_a1_cinco_fechas_europeas_1782924537,Cinco fechas europeas,A1,6,3c52f00970fe83f4d061f6080d03d007f5b66f739d41541b966679b0778e52f8
free_es_a1_ciudades_aut_nomas_1782924693,Ciudades autónomas,A1,5,da6b656da55f698b4fb1dbe28e63709f696131de3e7afa616f78c22c1612541e
free_es_a1_clase_de_instrumentos_1782924752,Clase de instrumentos,A1,5,72596c862c511bb01d8f88b8b87910740439e3f200b41c2aff4258abd18c39d3
free_es_a1_clima_del_centro_1782924658,Clima del centro,A1,6,ec6119e294f60ed61fafbfb8c2e0571ea83e6c0890eb27d6f0c5dd6c117cc98f
free_es_a1_correo_de_la_escuela_1782924967,Correo de la escuela,A1,5,60d9d2763e293f402f3b40bb8c5bc942555aabc369fbdf58395b110e5fee67dc
free_es_a1_cursos_para_tres_personas_1782924973,Cursos para tres personas,A1,5,7d1455b787d3907d58eadc145315c9f40cde4cc12fdf13019a4e38a889521d05
free_es_a1_datos_del_pasaporte_1782924824,Datos del pasaporte,A1,5,a2db2ee4c5dfbb9612563e408e3115152db86a69c9a5ef9e2b67ab28e94bb29e
free_es_a1_datos_en_una_maqueta_1782924585,Datos en una maqueta,A1,4,8d0c4fce0602c6013e545fb6937a5402879081c9003ba62e576618cfa85f90e8
free_es_a1_de_barcelona_a_valencia_1782924669,De Barcelona a Valencia,A1,5,a0cebd28011ff3611f5af1dd7d4fcd067a1a1812022301519ad62647293434b5
free_es_a1_documentos_en_la_mesa_1782924804,Documentos en la mesa,A1,6,7ee51023240211584a469e2a7ccf041baf38169ddbc67c92db87ccf69d1a0812
free_es_a1_dos_archipi_lagos_1782924653,Dos archipiélagos,A1,5,70e8c0c2961c6700696c2908824d2772b6a008abad3ca2e29203e0f9b8b4d507
free_es_a1_dos_bodas_1782924826,Dos bodas,A1,6,28e053b466907e94aa6cfcf0c0caa6a764df9fc32c49a3a4b7a109fa08c22903
free_es_a1_dos_estilos_para_estudiar_1782924723,Dos estilos para estudiar,A1,6,1eb4e3e719b601aeaf0e3c16787596b7a9f1c83d64e96e7ab93242186cb9032c
free_es_a1_dos_fiestas_populares_1782924786,Dos fiestas populares,A1,6,718c30e0b671dbf60021b2900931a105732f2dc2765318a46640da677036b3ca
free_es_a1_dos_listas_del_este_1782924671,Dos listas del este,A1,4,88921f0238b0d0f3cf3712a68bc865248ff151c373f9705239a1f01c8ed3f651
free_es_a1_dos_parques_manchegos_1782924616,Dos parques manchegos,A1,6,ee668bb4ec6a022c6cdd6d0037598e914914c78206fb3accee50066a14fab7c8
free_es_a1_el_paraguas_negro_1782923839,El paraguas negro,A1,5,244ac18d9579474c3887c93a153e6595d6bf1d35d1caf9e48330dad8c06462ad
free_es_a1_el_plan_en_la_mochila_1782924504,El plan en la mochila,A1,6,783c65021137d7ea47b52b2ec6ee407835c4b08288af3c1db4a80e5fc9044e67
free_es_a1_el_tren_temprano_1782923845,El tren temprano,A1,5,fbdba8b52d2470613eb85e629c7920435367346146203e4ae0a5c6343921be0b
free_es_a1_en_el_ayuntamiento_1782924818,En el ayuntamiento,A1,6,b679a4a251a7223d668c1dbbdc849ca777902a403cc7a4d6fcf2c978a82df330
free_es_a1_en_la_oficina_1782924821,En la oficina,A1,5,8ae2c47531bea7687a4012d084a49f52cb2a890e7e7a7fd973a5075e85af6e04
free_es_a1_en_la_oficina_de_extranjer_a_1782924542,En la oficina de extranjería,A1,5,a48e5f8d32d43bef6cd684f6fed8d4424824d171e261c3ae59e21016ac838a89
free_es_a1_en_la_oficina_nueva_1782923835,En la oficina nueva,A1,5,4e0bdac5c636e8a973d1795cadff58d7a9392799b6eb31ed00055b9d9f3b1a6b
free_es_a1_espa_a_en_el_mapa_1782924574,España en el mapa,A1,6,eefbff044622e9e582d4c553e19e3d1454e1a5ecb6b4c31646868fea73a0cbec
free_es_a1_etapas_del_colegio_1782924882,Etapas del colegio,A1,6,e42530a98f7fd9b638f6241f76f8792492955cc6cb7bd7a3bd73f0babc53245a
free_es_a1_excursi_n_a_ordesa_1782924641,Excursión a Ordesa,A1,5,09a09fc63a84fa94dd7f7220e20434817221f4b8e8d8755db47371bcb858ab71
free_es_a1_f_tbol_del_domingo_1782924789,Fútbol del domingo,A1,6,91aad81348af742c71879aaa2d456a99d2cc97f53f118de259bcd63e502b4254
free_es_a1_fiesta_del_barrio_1782925073,Fiesta del barrio,A1,6,b65706603dfb0d7c97e1d2b1646920b8dd41f2140e0d23e2fdfb4853c48309f6
free_es_a1_flamenco_unesco_1782924744,Flamenco UNESCO,A1,6,517e18c3a213ae48742243c24b6de0aae18bdfa2f56f10c8d5f15f3b9a6a5702
free_es_a1_fronteras_en_la_agenda_1782924580,Fronteras en la agenda,A1,6,57040e4a1fd9d4f1c26dbe1924256d19febd6681563d3ae29388ff374bc89c97
free_es_a1_guggenheim_bilbao_1782924738,Guggenheim Bilbao,A1,6,6e74d5c74c18e0f4903299dd3e2d0088e8e00fcb182d3e6fffec177a47561323
free_es_a1_horario_de_tren_1782924964,Horario de tren,A1,5,2ba7207bb343ed0f58c6239fb4fb06ad467978fd686ada923cb234be1aba5435
free_es_a1_horario_del_dele_a2_1782924501,Horario del DELE A2,A1,5,eb59d8ec278d3a39b07b3b907bd6ccf96d9e3b791afd4170a1b86a5494d9d939
free_es_a1_imagen_en_la_biblioteca_1782925047,Imagen en la biblioteca,A1,5,8c9476f946817900cd0fec6ab1ba71ea59ac701325f9d43df59e878f951c2dad
free_es_a1_instituciones_en_la_biblioteca_1782924524,Instituciones en la biblioteca,A1,6,39e8138125cb5a4b7b7733c3e87e4d49b513bfa8ad30a5c81b724eb0426863c6
free_es_a1_la_bandera_azul_1782924534,La bandera azul,A1,5,1334e764b2ef30ed56619beaa25aeb573f959afd91cc3cd1f7d68a30d869a108
free_es_a1_la_corona_en_clase_1782924530,La Corona en clase,A1,5,811e25e08d17675bc31cead144543d350a64875ce897304dcb992f599e7c2c5e
free_es_a1_lista_de_ciudades_grandes_1782924568,Lista de ciudades grandes,A1,5,97956ee31c19df2deb0a2d4ee259264be88c7758b99de7b35c7a0769f0358997
free_es_a1_lista_de_deportes_1782924797,Lista de deportes,A1,5,d987d5db9bcf14edee0449688d1ecc090ad398f8d4554fa57c4b584934474473
free_es_a1_lista_para_la_dgt_1782924815,Lista para la DGT,A1,6,5d75f8925a8db56e50c11d8113596e6660062d05850a49d5173fdd561be9d653
free_es_a1_llamada_al_060_1782924555,Llamada al 060,A1,4,be4187af31da7f9f63f7c6cf299e0e61b2af2b6a6859866af670a0a713ee05f5
free_es_a1_madrid_y_murcia_1782924644,Madrid y Murcia,A1,6,cb4ba6c7d245f783b6e1c9f2597052b351e5083ce6881b7fae78e40b49d7f6df
free_es_a1_mapa_pol_tico_b_sico_1782924628,Mapa político básico,A1,6,93f5f04fd888f4d1d4979f1d5823ff4b8ef91d260b61a55bbb7e67aada67f7a5
free_es_a1_mensaje_del_portal_1782924971,Mensaje del portal,A1,5,f1593184afa7b6c05e7235eba615d80be81e16dfc58ddf3848ffac4cbcfd3e00
free_es_a1_movida_madrile_a_1782924714,Movida madrileña,A1,5,0f9d334514c60ef163adaef9d69037672b4c76db94f0d83c33d6860a653a9c45
free_es_a1_mulhac_n_en_sierra_nevada_1782924602,Mulhacén en Sierra Nevada,A1,5,3d524c35b821c96ebd8f7174767f76f757fff62c7094352308b2e334248453df
free_es_a1_n_meros_de_poblaci_n_1782924564,Números de población,A1,5,54d4986f32f1b117647121ef9c80ff77d99f95f36878e9e4462d6a533d44aa69
free_es_a1_notas_para_el_examen_1782924521,Notas para el examen,A1,6,848b2e222b861f24482cef8dc39f658fa78a916a52b1fe03222d3a3ada0f0432
free_es_a1_nueve_provincias_castellanas_1782924659,Nueve provincias castellanas,A1,5,9b609e8aabc35f335d64521bcd14e13e4fbb9d2075742dfaae09a5f2379f0fc2
free_es_a1_nuevo_trabajo_1782925036,Nuevo trabajo,A1,6,a053ab9400893bade25ca034ad0677395492fb9e21083cb8f9fb93928310c592
free_es_a1_ocho_provincias_andaluzas_1782924634,Ocho provincias andaluzas,A1,5,7b6fa81d3ba2ad299dadb580ead40dbb5e9485582b224e6c558d9957a6804d43
free_es_a1_oficina_de_empleo_1782924958,Oficina de empleo,A1,6,7df221a35a9e609cdf9913408bf22bbaecd5661e34ffc8c66e67d6a3bcc880c9
free_es_a1_oficina_de_tr_mites_1782925054,Oficina de trámites,A1,5,413e22d53a4b55c7ee9c9141c08e41254eeb7f7fbfa523740211ac35805b71e5
free_es_a1_pareja_registrada_1782924829,Pareja registrada,A1,6,3914ac1109a808e6a17dfc98fcec87d9d1d378a656968e850fed1d974b144a2b
free_es_a1_parques_en_el_mapa_norte_1782924613,Parques en el mapa norte,A1,6,5c05dbdce50469a8883f3e3971c90fbb14b96aa96c467eaa8d66b93565bf7b11
free_es_a1_personas_inactivas_1782924960,Personas inactivas,A1,6,2e86d29369d267dcb0effd3856953d9a7b36f30ae73a81f45d7a8e56641f9f18
free_es_a1_picos_en_los_pirineos_1782924600,Picos en los Pirineos,A1,6,6ff6e781b644f5b078bbb1ac11848e3c146310b2cd13553789270db4d9c0c19a
free_es_a1_prado_y_reina_sof_a_1782924734,Prado y Reina Sofía,A1,5,9df591ff7fd6dab381a010230bce2bc55b0dcba2ce52a5f40201878e231f4110
free_es_a1_preguntar_por_la_tarjeta_1782924808,Preguntar por la tarjeta,A1,6,fa8c4bff6edd8e2afb491440d00542c1baf3ea79b2f897c14dee34102fe92c81
free_es_a1_preparar_regiones_principales_1782924633,Preparar regiones principales,A1,6,7ba313280ae05299a44d33924fc28b30228f6db7ca0cc37167a9dc2034352ee2
free_es_a1_primer_carn_1782924810,Primer carné,A1,6,ccf332e964b7a4f215a86d63e628a5206da04ba3afba0337f65c12af41a22906
free_es_a1_primer_trabajo_1782924955,Primer trabajo,A1,6,f21b76aa5940b0abe0a5540fbd2c98338c2dab3ca965bd29a6c8ff02c7fc6008
free_es_a1_primera_ley_de_parques_1782924608,Primera ley de parques,A1,5,6a9d5ccfd7151937c33b802939772bd4fd2b1561e207d597f5f625c38a7b44c1
free_es_a1_provincias_manchegas_1782924654,Provincias manchegas,A1,4,33ca6152df7f63b2ebe4c53ddd6b0f01bfa8fd1b5473305b4c4c678d82137bee
free_es_a1_r_os_del_mediterr_neo_1782924592,Ríos del Mediterráneo,A1,4,614c414b2a98a6d06b21899a5b517b6b11bfa3cbce2296c5cb999e8975a7f484
free_es_a1_r_os_hacia_el_atl_ntico_1782924586,Ríos hacia el Atlántico,A1,5,de8ba533c8a60255bd73f82621ccb83dfdd8e11d65eefdca2539b5c41767d235
free_es_a1_radio_del_tiempo_1782925014,Radio del tiempo,A1,6,9b724c9c92a60dcea7d74ac0fb8c234e61bd34191d4901c237a1e4340b21f3f0
free_es_a1_relieve_en_clase_1782924582,Relieve en clase,A1,6,e6e18cf61e26cb81a73c0888b6747f32fe72e8c9f240ce47b6b6eeafdc4a6c49
free_es_a1_reuni_n_de_vecinos_1782924843,Reunión de vecinos,A1,6,5c0560f007de0ef1af9a2a6da8f0896409550197f98153398e286f7032d3639e
free_es_a1_ruta_urbana_de_estudio_1782924570,Ruta urbana de estudio,A1,5,fb26b0643bc8afe76e29f1aeb07028c6d654efa71e1b426c393221612c5e87da
free_es_a1_sabina_y_rosal_a_1782924717,Sabina y Rosalía,A1,6,c9aa3d374379ee5cb70336fa2fffc747c90ae5fedea6fb73359e3167b4034dd6
free_es_a1_sardana_y_mu_eira_1782924746,Sardana y muñeira,A1,5,b15d2d62ca80241ec0e99d9fdedf904ab78c8bc9aab17d1fb7dbb22a992f2dc3
free_es_a1_sede_en_valladolid_1782924661,Sede en Valladolid,A1,4,c1afaaba528994514875012d85df71f675b12faf5e223d5ecf19d8bbe96fedb4
free_es_a1_sede_en_vitoria_1782924685,Sede en Vitoria,A1,6,42583434f90f8bcaa4c061d1a5e7c0e777ad61f5a52a164838abe2cea843aca4
free_es_a1_seis_autonom_as_en_una_hoja_1782924647,Seis autonomías en una hoja,A1,6,6c869b593d23a1ba2c8ffe3eae2d05eebd5508fda6d42f88fad095d067815013
free_es_a1_sevilla_capital_andaluza_1782924636,Sevilla capital andaluza,A1,6,3b0043e498e3eae6e82d16cd32f569f318d4e88a1c6b891cc03f68b8a52180cf
free_es_a1_sevillanas_en_andaluc_a_1782924749,Sevillanas en Andalucía,A1,6,a1ef3edabf352dcd05b8645413b301ff8b113f2d2de55fca4b23f836c77042eb
free_es_a1_tabla_de_espa_a_1782924567,Tabla de España,A1,5,a3885ba2e068f3bcac3e64ce322d08572a7032736fd25724560a5f6a573c71a1
free_es_a1_tarjetas_de_repaso_policial_1782924552,Tarjetas de repaso policial,A1,5,00962e0df911ecb28ae0bcd034e4f771aeb4ac0c1d8df2702303a50e7d37bd60
free_es_a1_tarjetas_de_vila_a_zamora_1782924664,Tarjetas de Ávila a Zamora,A1,5,fc48ce2ec9ec2a111f4358bbb1338369cdf681cb59cc116e07c5b763d149320c
free_es_a1_teatros_nacionales_1782924731,Teatros nacionales,A1,5,7c1a1a5932d47b5168cf9ccd981a5365c6389c055bbf8e841348ed7268400d58
free_es_a1_tenis_espa_ol_1782924792,Tenis español,A1,5,93e6ba2dbd1e7a482940433bdf925071771ed10f3fb1e9270dc6361bc63b29fa
free_es_a1_tenores_famosos_1782924712,Tenores famosos,A1,5,934646a2e9d1612fa167d58380e997ef26155ad5623a1fc26364e84a70f927fc
free_es_a1_trenes_para_viajar_1782924946,Trenes para viajar,A1,6,805c39c873e369b7a93653c8f09714dcbc29e135a1b9b978177046adb9418c15
free_es_a1_tres_fechas_de_fiesta_1782924779,Tres fechas de fiesta,A1,6,a6c2f7c168780b30d80e1e34f8c3bd551847cb11e645f2b87915f45251e3d0b8
free_es_a1_tres_fiestas_en_clase_1782924770,Tres fiestas en clase,A1,5,3d42b1bff8f228834b7f73ef4633169204c50bdc5df66c927805243e5f49c632
free_es_a1_tres_hijos_en_casa_1782924833,Tres hijos en casa,A1,6,e455692d817f66e289281369e43a08d6723a5f39c07452d51bdcbfba9e14bb50
free_es_a1_tres_niveles_del_territorio_1782924631,Tres niveles del territorio,A1,5,3cf43f8989db4c285b432e1f49e3e01b118460895b4844143cedb1c743c62172
free_es_a1_tres_sistemas_de_monta_a_1782924606,Tres sistemas de montaña,A1,6,4da18e3c0a420ea03899c2ce95cf1d62477633eabbac1f98ed88471841d29966
free_es_a1_tres_tarjetas_vascas_1782924688,Tres tarjetas vascas,A1,5,042fc4179bcc8be53fede2d511acfd2d85bdb68643655e69574de3831167309d
free_es_a1_una_cita_en_el_centro_1782923832,Una cita en el centro,A1,6,9f9fc694f454d367d50a5f276a3c0885c017ad3bd11f716b170e2d541d8fe6f0
free_es_a1_una_merienda_r_pida_1782923837,Una merienda rápida,A1,6,1053209339378d1546d042c9e7c81a10f3d4c0a6168fb6d640c920a56c6e2e99
free_es_a1_una_planta_para_la_ventana_1782923847,Una planta para la ventana,A1,6,bc27c6c055e081940793ff0d81ee8437811412ea214e6bb728ae7e0147250ef2
free_es_a1_una_postal_de_navarra_1782924519,Una postal de Navarra,A1,5,9fe8abbb685f3a909db36f282dc2752c9d6478d5f11a4511f74bbfc736925958
free_es_a1_urgencias_de_noche_1782924905,Urgencias de noche,A1,5,97204ab6f8101d4b8cf42d65140320189caeb430c05199a5c6e9b70ec98b6ea9
free_es_a1_velocidad_en_la_ciudad_1782924937,Velocidad en la ciudad,A1,5,852d6eed773a1fe0c2f01f28231dd6b44f0dba0931d0b73a64b7768797e3400d
free_es_a1_viaje_fuera_de_europa_1782924801,Viaje fuera de Europa,A1,4,015b63c34f23ccbd7729d4dcd74219ea8fc3b2d0302a34988b8f6b76f1c730c6
free_es_a1_viaje_por_autopista_1782924933,Viaje por autopista,A1,5,4d013edc993dd10695094113f325b5689cff77b25e51893bc6b162c7c941f4a0
free_es_a1_viaje_por_comunidades_1782924516,Viaje por comunidades,A1,5,ab7c6c372265cb8faa721dd5df8ac05c9516b5ffc31079ccc0a971b89c81fccd
free_es_a1_viaje_por_el_pa_s_vasco_1782924690,Viaje por el País Vasco,A1,5,6d996860f7b4a5f257109ba3850825fb52c0bc093f50fbfdcb049f3edc02da42
free_es_a1_vinos_conocidos_1782924847,Vinos conocidos,A1,5,a3e6560217f61f50bd7667b7a1b998b9e9048f97c9ab1211d87ea80756f270f2
free_es_a1_visita_a_los_reyes_1782924761,Visita a los Reyes,A1,6,131f0f8195ebd51f2211e239b42a3f9db20bf06a488229de534b3692dc72a1c2
free_es_a1_vivienda_y_trabajo_1782924980,Vivienda y trabajo,A1,6,b76ed06e313e4119c8083b2390d1da75151dfc338516dbdc73f504ffbdba78f6
free_es_a1_volcanes_de_canarias_1782924620,Volcanes de Canarias,A1,6,288b8edd7a1a22a6a0be1af45c0156744ba549a4e83c22df23c4acf3c1589791
free_es_a2_farmacias_de_guardia_1782405063,Farmacias de guardia,A2,5,fb02872723d12d02265443366c95fd8cc90a494050d36805bbb8625ed78a586f
free_es_a2_rafa_y_el_asiento_delantero_1782923722,Rafa y el asiento delantero,A2,6,009824c660ef46c14254d14dc857e38b0cdad8816de15093575080ecdc9c625c
free_es_b1_la_libreta_de_carmen_1782923719,La libreta de Carmen,B1,4,d9690a927ee397a8e163020ebc52940e985b92a77d38af98e954790925f7c84d
